gwcode,year,igo_n,igo_total,igo_p
2,1995,90,323,0.2786377708978328
2,1996,89,325,0.27384615384615385
2,1997,90,328,0.27439024390243905
2,1998,91,337,0.27002967359050445
2,1999,89,330,0.2696969696969697
2,2000,88,330,0.26666666666666666
2,2001,89,323,0.2755417956656347
2,2002,88,327,0.2691131498470948
2,2003,87,327,0.26605504587155965
2,2004,87,327,0.26605504587155965
2,2005,88,324,0.2716049382716049
20,1995,91,323,0.28173374613003094
20,1996,89,325,0.27384615384615385
20,1997,88,328,0.2682926829268293
20,1998,88,337,0.26112759643916916
20,1999,88,330,0.26666666666666666
20,2000,87,330,0.2636363636363636
20,2001,89,323,0.2755417956656347
20,2002,89,327,0.27217125382262997
20,2003,91,327,0.2782874617737003
20,2004,89,327,0.27217125382262997
20,2005,89,324,0.27469135802469136
40,1995,59,323,0.1826625386996904
40,1996,58,325,0.17846153846153845
40,1997,59,328,0.1798780487804878
40,1998,64,337,0.18991097922848665
40,1999,65,330,0.19696969696969696
40,2000,65,330,0.19696969696969696
40,2001,65,323,0.20123839009287925
40,2002,65,327,0.19877675840978593
40,2003,67,327,0.20489296636085627
40,2004,66,327,0.2018348623853211
40,2005,67,324,0.20679012345679013
41,1995,57,323,0.17647058823529413
41,1996,58,325,0.17846153846153845
41,1997,58,328,0.17682926829268292
41,1998,59,337,0.17507418397626112
41,1999,59,330,0.1787878787878788
41,2000,61,330,0.18484848484848485
41,2001,61,323,0.18885448916408668
41,2002,62,327,0.18960244648318042
41,2003,63,327,0.1926605504587156
41,2004,64,327,0.19571865443425077
41,2005,64,324,0.19753086419753085
42,1995,59,323,0.1826625386996904
42,1996,56,325,0.1723076923076923
42,1997,59,328,0.1798780487804878
42,1998,60,337,0.17804154302670624
42,1999,61,330,0.18484848484848485
42,2000,65,330,0.19696969696969696
42,2001,66,323,0.2043343653250774
42,2002,65,327,0.19877675840978593
42,2003,68,327,0.20795107033639143
42,2004,69,327,0.21100917431192662
42,2005,71,324,0.2191358024691358
51,1995,59,323,0.1826625386996904
51,1996,58,325,0.17846153846153845
51,1997,59,328,0.1798780487804878
51,1998,61,337,0.18100890207715134
51,1999,62,330,0.18787878787878787
51,2000,64,330,0.19393939393939394
51,2001,64,323,0.19814241486068113
51,2002,62,327,0.18960244648318042
51,2003,62,327,0.18960244648318042
51,2004,61,327,0.18654434250764526
51,2005,63,324,0.19444444444444445
52,1995,58,323,0.17956656346749225
52,1996,57,325,0.1753846153846154
52,1997,59,328,0.1798780487804878
52,1998,63,337,0.18694362017804153
52,1999,63,330,0.19090909090909092
52,2000,63,330,0.19090909090909092
52,2001,64,323,0.19814241486068113
52,2002,63,327,0.1926605504587156
52,2003,63,327,0.1926605504587156
52,2004,63,327,0.1926605504587156
52,2005,63,324,0.19444444444444445
70,1995,82,323,0.25386996904024767
70,1996,82,325,0.2523076923076923
70,1997,82,328,0.25
70,1998,83,337,0.24629080118694363
70,1999,84,330,0.2545454545454545
70,2000,85,330,0.25757575757575757
70,2001,86,323,0.26625386996904027
70,2002,83,327,0.25382262996941896
70,2003,87,327,0.26605504587155965
70,2004,89,327,0.27217125382262997
70,2005,92,324,0.2839506172839506
90,1995,65,323,0.20123839009287925
90,1996,64,325,0.19692307692307692
90,1997,65,328,0.19817073170731708
90,1998,65,337,0.19287833827893175
90,1999,65,330,0.19696969696969696
90,2000,68,330,0.20606060606060606
90,2001,69,323,0.21362229102167182
90,2002,69,327,0.21100917431192662
90,2003,70,327,0.21406727828746178
90,2004,70,327,0.21406727828746178
90,2005,71,324,0.2191358024691358
91,1995,64,323,0.19814241486068113
91,1996,63,325,0.19384615384615383
91,1997,61,328,0.18597560975609756
91,1998,61,337,0.18100890207715134
91,1999,62,330,0.18787878787878787
91,2000,64,330,0.19393939393939394
91,2001,65,323,0.20123839009287925
91,2002,65,327,0.19877675840978593
91,2003,67,327,0.20489296636085627
91,2004,70,327,0.21406727828746178
91,2005,70,324,0.21604938271604937
92,1995,58,323,0.17956656346749225
92,1996,57,325,0.1753846153846154
92,1997,60,328,0.18292682926829268
92,1998,59,337,0.17507418397626112
92,1999,59,330,0.1787878787878788
92,2000,61,330,0.18484848484848485
92,2001,61,323,0.18885448916408668
92,2002,60,327,0.1834862385321101
92,2003,61,327,0.18654434250764526
92,2004,63,327,0.1926605504587156
92,2005,64,324,0.19753086419753085
93,1995,67,323,0.20743034055727555
93,1996,68,325,0.20923076923076922
93,1997,66,328,0.20121951219512196
93,1998,66,337,0.19584569732937684
93,1999,67,330,0.20303030303030303
93,2000,71,330,0.21515151515151515
93,2001,74,323,0.22910216718266255
93,2002,71,327,0.21712538226299694
93,2003,74,327,0.22629969418960244
93,2004,76,327,0.2324159021406728
93,2005,76,324,0.2345679012345679
94,1995,65,323,0.20123839009287925
94,1996,64,325,0.19692307692307692
94,1997,64,328,0.1951219512195122
94,1998,67,337,0.19881305637982197
94,1999,68,330,0.20606060606060606
94,2000,70,330,0.21212121212121213
94,2001,69,323,0.21362229102167182
94,2002,69,327,0.21100917431192662
94,2003,72,327,0.22018348623853212
94,2004,72,327,0.22018348623853212
94,2005,73,324,0.22530864197530864
95,1995,63,323,0.19504643962848298
95,1996,66,325,0.20307692307692307
95,1997,66,328,0.20121951219512196
95,1998,68,337,0.20178041543026706
95,1999,69,330,0.20909090909090908
95,2000,70,330,0.21212121212121213
95,2001,74,323,0.22910216718266255
95,2002,75,327,0.22935779816513763
95,2003,75,327,0.22935779816513763
95,2004,75,327,0.22935779816513763
95,2005,76,324,0.2345679012345679
100,1995,77,323,0.23839009287925697
100,1996,78,325,0.24
100,1997,79,328,0.24085365853658536
100,1998,83,337,0.24629080118694363
100,1999,81,330,0.24545454545454545
100,2000,83,330,0.2515151515151515
100,2001,84,323,0.26006191950464397
100,2002,83,327,0.25382262996941896
100,2003,85,327,0.2599388379204893
100,2004,87,327,0.26605504587155965
100,2005,88,324,0.2716049382716049
101,1995,84,323,0.26006191950464397
101,1996,84,325,0.25846153846153846
101,1997,84,328,0.25609756097560976
101,1998,87,337,0.258160237388724
101,1999,85,330,0.25757575757575757
101,2000,85,330,0.25757575757575757
101,2001,85,323,0.2631578947368421
101,2002,84,327,0.25688073394495414
101,2003,85,327,0.2599388379204893
101,2004,85,327,0.2599388379204893
101,2005,87,324,0.26851851851851855
110,1995,50,323,0.15479876160990713
110,1996,51,325,0.15692307692307692
110,1997,52,328,0.15853658536585366
110,1998,55,337,0.1632047477744807
110,1999,56,330,0.1696969696969697
110,2000,57,330,0.17272727272727273
110,2001,57,323,0.17647058823529413
110,2002,55,327,0.16819571865443425
110,2003,54,327,0.1651376146788991
110,2004,56,327,0.1712538226299694
110,2005,56,324,0.1728395061728395
115,1995,41,323,0.12693498452012383
115,1996,42,325,0.12923076923076923
115,1997,45,328,0.13719512195121952
115,1998,47,337,0.1394658753709199
115,1999,47,330,0.14242424242424243
115,2000,49,330,0.1484848484848485
115,2001,50,323,0.15479876160990713
115,2002,50,327,0.1529051987767584
115,2003,51,327,0.1559633027522936
115,2004,52,327,0.15902140672782875
115,2005,52,324,0.16049382716049382
130,1995,71,323,0.21981424148606812
130,1996,72,325,0.22153846153846155
130,1997,74,328,0.22560975609756098
130,1998,76,337,0.22551928783382788
130,1999,76,330,0.23030303030303031
130,2000,77,330,0.23333333333333334
130,2001,77,323,0.23839009287925697
130,2002,74,327,0.22629969418960244
130,2003,76,327,0.2324159021406728
130,2004,75,327,0.22935779816513763
130,2005,76,324,0.2345679012345679
135,1995,76,323,0.23529411764705882
135,1996,74,325,0.2276923076923077
135,1997,75,328,0.22865853658536586
135,1998,78,337,0.2314540059347181
135,1999,76,330,0.23030303030303031
135,2000,77,330,0.23333333333333334
135,2001,78,323,0.24148606811145512
135,2002,77,327,0.23547400611620795
135,2003,78,327,0.23853211009174313
135,2004,79,327,0.2415902140672783
135,2005,81,324,0.25
140,1995,79,323,0.24458204334365324
140,1996,81,325,0.24923076923076923
140,1997,83,328,0.2530487804878049
140,1998,84,337,0.24925816023738873
140,1999,86,330,0.2606060606060606
140,2000,87,330,0.2636363636363636
140,2001,87,323,0.2693498452012384
140,2002,86,327,0.26299694189602446
140,2003,88,327,0.2691131498470948
140,2004,89,327,0.27217125382262997
140,2005,92,324,0.2839506172839506
145,1995,66,323,0.2043343653250774
145,1996,65,325,0.2
145,1997,68,328,0.2073170731707317
145,1998,71,337,0.21068249258160238
145,1999,71,330,0.21515151515151515
145,2000,72,330,0.21818181818181817
145,2001,74,323,0.22910216718266255
145,2002,72,327,0.22018348623853212
145,2003,73,327,0.22324159021406728
145,2004,77,327,0.23547400611620795
145,2005,77,324,0.23765432098765432
150,1995,63,323,0.19504643962848298
150,1996,62,325,0.19076923076923077
150,1997,63,328,0.19207317073170732
150,1998,64,337,0.18991097922848665
150,1999,63,330,0.19090909090909092
150,2000,64,330,0.19393939393939394
150,2001,66,323,0.2043343653250774
150,2002,67,327,0.20489296636085627
150,2003,68,327,0.20795107033639143
150,2004,68,327,0.20795107033639143
150,2005,69,324,0.21296296296296297
155,1995,77,323,0.23839009287925697
155,1996,76,325,0.23384615384615384
155,1997,76,328,0.23170731707317074
155,1998,79,337,0.2344213649851632
155,1999,78,330,0.23636363636363636
155,2000,79,330,0.23939393939393938
155,2001,79,323,0.24458204334365324
155,2002,78,327,0.23853211009174313
155,2003,78,327,0.23853211009174313
155,2004,79,327,0.2415902140672783
155,2005,80,324,0.24691358024691357
160,1995,80,323,0.2476780185758514
160,1996,80,325,0.24615384615384617
160,1997,79,328,0.24085365853658536
160,1998,81,337,0.2403560830860534
160,1999,82,330,0.24848484848484848
160,2000,84,330,0.2545454545454545
160,2001,85,323,0.2631578947368421
160,2002,85,327,0.2599388379204893
160,2003,85,327,0.2599388379204893
160,2004,85,327,0.2599388379204893
160,2005,86,324,0.2654320987654321
165,1995,69,323,0.21362229102167182
165,1996,68,325,0.20923076923076922
165,1997,68,328,0.2073170731707317
165,1998,71,337,0.21068249258160238
165,1999,70,330,0.21212121212121213
165,2000,71,330,0.21515151515151515
165,2001,72,323,0.22291021671826625
165,2002,73,327,0.22324159021406728
165,2003,73,327,0.22324159021406728
165,2004,73,327,0.22324159021406728
165,2005,74,324,0.22839506172839505
200,1995,99,323,0.3065015479876161
200,1996,98,325,0.30153846153846153
200,1997,99,328,0.3018292682926829
200,1998,106,337,0.314540059347181
200,1999,102,330,0.3090909090909091
200,2000,101,330,0.30606060606060603
200,2001,103,323,0.3188854489164087
200,2002,103,327,0.3149847094801223
200,2003,103,327,0.3149847094801223
200,2004,104,327,0.3180428134556575
200,2005,105,324,0.32407407407407407
205,1995,73,323,0.2260061919504644
205,1996,72,325,0.22153846153846155
205,1997,72,328,0.21951219512195122
205,1998,75,337,0.22255192878338279
205,1999,73,330,0.22121212121212122
205,2000,72,330,0.21818181818181817
205,2001,73,323,0.2260061919504644
205,2002,72,327,0.22018348623853212
205,2003,73,327,0.22324159021406728
205,2004,75,327,0.22935779816513763
205,2005,75,324,0.23148148148148148
210,1995,106,323,0.3281733746130031
210,1996,104,325,0.32
210,1997,104,328,0.3170731707317073
210,1998,107,337,0.31750741839762614
210,1999,104,330,0.3151515151515151
210,2000,102,330,0.3090909090909091
210,2001,103,323,0.3188854489164087
210,2002,102,327,0.3119266055045872
210,2003,102,327,0.3119266055045872
210,2004,103,327,0.3149847094801223
210,2005,104,324,0.32098765432098764
211,1995,106,323,0.3281733746130031
211,1996,104,325,0.32
211,1997,104,328,0.3170731707317073
211,1998,107,337,0.31750741839762614
211,1999,103,330,0.31212121212121213
211,2000,100,330,0.30303030303030304
211,2001,100,323,0.30959752321981426
211,2002,100,327,0.3058103975535168
211,2003,101,327,0.308868501529052
211,2004,101,327,0.308868501529052
211,2005,102,324,0.3148148148148148
220,1995,120,323,0.3715170278637771
220,1996,119,325,0.36615384615384616
220,1997,120,328,0.36585365853658536
220,1998,125,337,0.37091988130563797
220,1999,123,330,0.37272727272727274
220,2000,122,330,0.3696969696969697
220,2001,123,323,0.38080495356037153
220,2002,121,327,0.37003058103975534
220,2003,121,327,0.37003058103975534
220,2004,122,327,0.3730886850152905
220,2005,121,324,0.3734567901234568
225,1995,88,323,0.2724458204334365
225,1996,89,325,0.27384615384615385
225,1997,88,328,0.2682926829268293
225,1998,91,337,0.27002967359050445
225,1999,91,330,0.27575757575757576
225,2000,91,330,0.27575757575757576
225,2001,90,323,0.2786377708978328
225,2002,90,327,0.27522935779816515
225,2003,90,327,0.27522935779816515
225,2004,92,327,0.28134556574923547
225,2005,92,324,0.2839506172839506
230,1995,100,323,0.30959752321981426
230,1996,99,325,0.3046153846153846
230,1997,100,328,0.3048780487804878
230,1998,105,337,0.3115727002967359
230,1999,102,330,0.3090909090909091
230,2000,102,330,0.3090909090909091
230,2001,102,323,0.3157894736842105
230,2002,99,327,0.30275229357798167
230,2003,101,327,0.308868501529052
230,2004,101,327,0.308868501529052
230,2005,102,324,0.3148148148148148
235,1995,91,323,0.28173374613003094
235,1996,91,325,0.28
235,1997,93,328,0.28353658536585363
235,1998,97,337,0.2878338278931751
235,1999,93,330,0.2818181818181818
235,2000,92,330,0.2787878787878788
235,2001,93,323,0.28792569659442724
235,2002,94,327,0.2874617737003058
235,2003,95,327,0.290519877675841
235,2004,96,327,0.29357798165137616
235,2005,97,324,0.2993827160493827
260,1995,104,323,0.3219814241486068
260,1996,102,325,0.31384615384615383
260,1997,102,328,0.31097560975609756
260,1998,107,337,0.31750741839762614
260,1999,104,330,0.3151515151515151
260,2000,102,330,0.3090909090909091
260,2001,103,323,0.3188854489164087
260,2002,102,327,0.3119266055045872
260,2003,103,327,0.3149847094801223
260,2004,103,327,0.3149847094801223
260,2005,102,324,0.3148148148148148
290,1995,68,323,0.21052631578947367
290,1996,70,325,0.2153846153846154
290,1997,71,328,0.21646341463414634
290,1998,74,337,0.2195845697329377
290,1999,77,330,0.23333333333333334
290,2000,78,330,0.23636363636363636
290,2001,80,323,0.2476780185758514
290,2002,78,327,0.23853211009174313
290,2003,78,327,0.23853211009174313
290,2004,82,327,0.25076452599388377
290,2005,81,324,0.25
305,1995,85,323,0.2631578947368421
305,1996,86,325,0.26461538461538464
305,1997,86,328,0.2621951219512195
305,1998,88,337,0.26112759643916916
305,1999,86,330,0.2606060606060606
305,2000,85,330,0.25757575757575757
305,2001,85,323,0.2631578947368421
305,2002,85,327,0.2599388379204893
305,2003,85,327,0.2599388379204893
305,2004,85,327,0.2599388379204893
305,2005,85,324,0.2623456790123457
310,1995,62,323,0.19195046439628483
310,1996,63,325,0.19384615384615383
310,1997,66,328,0.20121951219512196
310,1998,68,337,0.20178041543026706
310,1999,70,330,0.21212121212121213
310,2000,70,330,0.21212121212121213
310,2001,70,323,0.21671826625386997
310,2002,70,327,0.21406727828746178
310,2003,71,327,0.21712538226299694
310,2004,74,327,0.22629969418960244
310,2005,74,324,0.22839506172839505
316,1995,60,323,0.18575851393188855
316,1996,62,325,0.19076923076923077
316,1997,62,328,0.18902439024390244
316,1998,63,337,0.18694362017804153
316,1999,65,330,0.19696969696969696
316,2000,64,330,0.19393939393939394
316,2001,66,323,0.2043343653250774
316,2002,67,327,0.20489296636085627
316,2003,67,327,0.20489296636085627
316,2004,69,327,0.21100917431192662
316,2005,70,324,0.21604938271604937
325,1995,99,323,0.3065015479876161
325,1996,98,325,0.30153846153846153
325,1997,98,328,0.29878048780487804
325,1998,102,337,0.3026706231454006
325,1999,101,330,0.30606060606060603
325,2000,100,330,0.30303030303030304
325,2001,103,323,0.3188854489164087
325,2002,101,327,0.308868501529052
325,2003,102,327,0.3119266055045872
325,2004,102,327,0.3119266055045872
325,2005,102,324,0.3148148148148148
339,1995,42,323,0.13003095975232198
339,1996,44,325,0.13538461538461538
339,1997,44,328,0.13414634146341464
339,1998,44,337,0.13056379821958458
339,1999,46,330,0.1393939393939394
339,2000,48,330,0.14545454545454545
339,2001,48,323,0.14860681114551083
339,2002,48,327,0.14678899082568808
339,2003,50,327,0.1529051987767584
339,2004,51,327,0.1559633027522936
339,2005,52,324,0.16049382716049382
343,1995,33,323,0.1021671826625387
343,1996,34,325,0.10461538461538461
343,1997,38,328,0.11585365853658537
343,1998,40,337,0.11869436201780416
343,1999,41,330,0.12424242424242424
343,2000,41,330,0.12424242424242424
343,2001,41,323,0.12693498452012383
343,2002,41,327,0.12538226299694188
343,2003,42,327,0.12844036697247707
343,2004,42,327,0.12844036697247707
343,2005,43,324,0.13271604938271606
344,1995,43,323,0.13312693498452013
344,1996,46,325,0.14153846153846153
344,1997,50,328,0.1524390243902439
344,1998,54,337,0.16023738872403562
344,1999,55,330,0.16666666666666666
344,2000,58,330,0.17575757575757575
344,2001,59,323,0.1826625386996904
344,2002,60,327,0.1834862385321101
344,2003,62,327,0.18960244648318042
344,2004,61,327,0.18654434250764526
344,2005,63,324,0.19444444444444445
345,1995,41,323,0.12693498452012383
345,1996,38,325,0.11692307692307692
345,1997,39,328,0.11890243902439024
345,1998,40,337,0.11869436201780416
345,1999,38,330,0.11515151515151516
345,2000,43,330,0.1303030303030303
345,2001,50,323,0.15479876160990713
345,2002,53,327,0.1620795107033639
345,2003,55,327,0.16819571865443425
345,2004,58,327,0.17737003058103976
345,2005,61,324,0.1882716049382716
346,1995,26,323,0.0804953560371517
346,1996,29,325,0.08923076923076922
346,1997,31,328,0.09451219512195122
346,1998,33,337,0.09792284866468842
346,1999,33,330,0.1
346,2000,34,330,0.10303030303030303
346,2001,37,323,0.11455108359133127
346,2002,39,327,0.11926605504587157
346,2003,40,327,0.12232415902140673
346,2004,41,327,0.12538226299694188
346,2005,42,324,0.12962962962962962
349,1995,43,323,0.13312693498452013
349,1996,45,325,0.13846153846153847
349,1997,48,328,0.14634146341463414
349,1998,52,337,0.1543026706231454
349,1999,53,330,0.1606060606060606
349,2000,56,330,0.1696969696969697
349,2001,57,323,0.17647058823529413
349,2002,59,327,0.18042813455657492
349,2003,60,327,0.1834862385321101
349,2004,66,327,0.2018348623853211
349,2005,68,324,0.20987654320987653
350,1995,84,323,0.26006191950464397
350,1996,83,325,0.2553846153846154
350,1997,83,328,0.2530487804878049
350,1998,85,337,0.2522255192878338
350,1999,84,330,0.2545454545454545
350,2000,81,330,0.24545454545454545
350,2001,84,323,0.26006191950464397
350,2002,83,327,0.25382262996941896
350,2003,83,327,0.25382262996941896
350,2004,84,327,0.25688073394495414
350,2005,85,324,0.2623456790123457
355,1995,59,323,0.1826625386996904
355,1996,62,325,0.19076923076923077
355,1997,62,328,0.18902439024390244
355,1998,66,337,0.19584569732937684
355,1999,69,330,0.20909090909090908
355,2000,69,330,0.20909090909090908
355,2001,70,323,0.21671826625386997
355,2002,70,327,0.21406727828746178
355,2003,70,327,0.21406727828746178
355,2004,72,327,0.22018348623853212
355,2005,74,324,0.22839506172839505
359,1995,37,323,0.11455108359133127
359,1996,42,325,0.12923076923076923
359,1997,44,328,0.13414634146341464
359,1998,46,337,0.13649851632047477
359,1999,46,330,0.1393939393939394
359,2000,47,330,0.14242424242424243
359,2001,49,323,0.15170278637770898
359,2002,49,327,0.14984709480122324
359,2003,49,327,0.14984709480122324
359,2004,50,327,0.1529051987767584
359,2005,51,324,0.1574074074074074
360,1995,63,323,0.19504643962848298
360,1996,65,325,0.2
360,1997,65,328,0.19817073170731708
360,1998,67,337,0.19881305637982197
360,1999,67,330,0.20303030303030303
360,2000,67,330,0.20303030303030303
360,2001,71,323,0.21981424148606812
360,2002,71,327,0.21712538226299694
360,2003,69,327,0.21100917431192662
360,2004,73,327,0.22324159021406728
360,2005,72,324,0.2222222222222222
365,1995,68,323,0.21052631578947367
365,1996,74,325,0.2276923076923077
365,1997,76,328,0.23170731707317074
365,1998,81,337,0.2403560830860534
365,1999,81,330,0.24545454545454545
365,2000,81,330,0.24545454545454545
365,2001,84,323,0.26006191950464397
365,2002,83,327,0.25382262996941896
365,2003,84,327,0.25688073394495414
365,2004,84,327,0.25688073394495414
365,2005,85,324,0.2623456790123457
366,1995,38,323,0.11764705882352941
366,1996,39,325,0.12
366,1997,41,328,0.125
366,1998,43,337,0.12759643916913946
366,1999,44,330,0.13333333333333333
366,2000,45,330,0.13636363636363635
366,2001,46,323,0.14241486068111456
366,2002,48,327,0.14678899082568808
366,2003,47,327,0.1437308868501529
366,2004,53,327,0.1620795107033639
366,2005,58,324,0.17901234567901234
367,1995,37,323,0.11455108359133127
367,1996,37,325,0.11384615384615385
367,1997,38,328,0.11585365853658537
367,1998,40,337,0.11869436201780416
367,1999,42,330,0.12727272727272726
367,2000,43,330,0.1303030303030303
367,2001,43,323,0.13312693498452013
367,2002,45,327,0.13761467889908258
367,2003,45,327,0.13761467889908258
367,2004,54,327,0.1651376146788991
367,2005,58,324,0.17901234567901234
368,1995,37,323,0.11455108359133127
368,1996,37,325,0.11384615384615385
368,1997,40,328,0.12195121951219512
368,1998,43,337,0.12759643916913946
368,1999,43,330,0.1303030303030303
368,2000,43,330,0.1303030303030303
368,2001,46,323,0.14241486068111456
368,2002,46,327,0.14067278287461774
368,2003,50,327,0.1529051987767584
368,2004,56,327,0.1712538226299694
368,2005,59,324,0.18209876543209877
369,1995,40,323,0.1238390092879257
369,1996,42,325,0.12923076923076923
369,1997,44,328,0.13414634146341464
369,1998,48,337,0.142433234421365
369,1999,51,330,0.15454545454545454
369,2000,51,330,0.15454545454545454
369,2001,53,323,0.16408668730650156
369,2002,52,327,0.15902140672782875
369,2003,54,327,0.1651376146788991
369,2004,56,327,0.1712538226299694
369,2005,56,324,0.1728395061728395
370,1995,34,323,0.10526315789473684
370,1996,35,325,0.1076923076923077
370,1997,37,328,0.11280487804878049
370,1998,39,337,0.11572700296735905
370,1999,39,330,0.11818181818181818
370,2000,40,330,0.12121212121212122
370,2001,41,323,0.12693498452012383
370,2002,42,327,0.12844036697247707
370,2003,45,327,0.13761467889908258
370,2004,45,327,0.13761467889908258
370,2005,48,324,0.14814814814814814
371,1995,31,323,0.09597523219814241
371,1996,31,325,0.09538461538461539
371,1997,33,328,0.10060975609756098
371,1998,34,337,0.10089020771513353
371,1999,36,330,0.10909090909090909
371,2000,37,330,0.11212121212121212
371,2001,39,323,0.12074303405572756
371,2002,39,327,0.11926605504587157
371,2003,40,327,0.12232415902140673
371,2004,41,327,0.12538226299694188
371,2005,42,324,0.12962962962962962
372,1995,34,323,0.10526315789473684
372,1996,36,325,0.11076923076923077
372,1997,37,328,0.11280487804878049
372,1998,37,337,0.10979228486646884
372,1999,38,330,0.11515151515151516
372,2000,40,330,0.12121212121212122
372,2001,42,323,0.13003095975232198
372,2002,43,327,0.13149847094801223
372,2003,44,327,0.1345565749235474
372,2004,44,327,0.1345565749235474
372,2005,44,324,0.13580246913580246
373,1995,38,323,0.11764705882352941
373,1996,39,325,0.12
373,1997,39,328,0.11890243902439024
373,1998,40,337,0.11869436201780416
373,1999,43,330,0.1303030303030303
373,2000,43,330,0.1303030303030303
373,2001,46,323,0.14241486068111456
373,2002,46,327,0.14067278287461774
373,2003,47,327,0.1437308868501529
373,2004,48,327,0.14678899082568808
373,2005,49,324,0.15123456790123457
375,1995,97,323,0.30030959752321984
375,1996,101,325,0.31076923076923074
375,1997,100,328,0.3048780487804878
375,1998,104,337,0.3086053412462908
375,1999,102,330,0.3090909090909091
375,2000,99,330,0.3
375,2001,99,323,0.3065015479876161
375,2002,100,327,0.3058103975535168
375,2003,100,327,0.3058103975535168
375,2004,100,327,0.3058103975535168
375,2005,102,324,0.3148148148148148
380,1995,103,323,0.3188854489164087
380,1996,104,325,0.32
380,1997,103,328,0.31402439024390244
380,1998,108,337,0.32047477744807124
380,1999,104,330,0.3151515151515151
380,2000,100,330,0.30303030303030304
380,2001,100,323,0.30959752321981426
380,2002,100,327,0.3058103975535168
380,2003,100,327,0.3058103975535168
380,2004,101,327,0.308868501529052
380,2005,101,324,0.3117283950617284
385,1995,100,323,0.30959752321981426
385,1996,100,325,0.3076923076923077
385,1997,99,328,0.3018292682926829
385,1998,104,337,0.3086053412462908
385,1999,102,330,0.3090909090909091
385,2000,98,330,0.296969696969697
385,2001,99,323,0.3065015479876161
385,2002,101,327,0.308868501529052
385,2003,102,327,0.3119266055045872
385,2004,101,327,0.308868501529052
385,2005,101,324,0.3117283950617284
390,1995,103,323,0.3188854489164087
390,1996,101,325,0.31076923076923074
390,1997,101,328,0.3079268292682927
390,1998,106,337,0.314540059347181
390,1999,103,330,0.31212121212121213
390,2000,99,330,0.3
390,2001,99,323,0.3065015479876161
390,2002,99,327,0.30275229357798167
390,2003,99,327,0.30275229357798167
390,2004,102,327,0.3119266055045872
390,2005,102,324,0.3148148148148148
404,1995,47,323,0.14551083591331268
404,1996,47,325,0.14461538461538462
404,1997,48,328,0.14634146341463414
404,1998,51,337,0.1513353115727003
404,1999,51,330,0.15454545454545454
404,2000,51,330,0.15454545454545454
404,2001,52,323,0.1609907120743034
404,2002,55,327,0.16819571865443425
404,2003,53,327,0.1620795107033639
404,2004,54,327,0.1651376146788991
404,2005,56,324,0.1728395061728395
420,1995,53,323,0.16408668730650156
420,1996,53,325,0.16307692307692306
420,1997,56,328,0.17073170731707318
420,1998,56,337,0.1661721068249258
420,1999,58,330,0.17575757575757575
420,2000,59,330,0.1787878787878788
420,2001,57,323,0.17647058823529413
420,2002,64,327,0.19571865443425077
420,2003,60,327,0.1834862385321101
420,2004,62,327,0.18960244648318042
420,2005,62,324,0.19135802469135801
432,1995,71,323,0.21981424148606812
432,1996,71,325,0.21846153846153846
432,1997,71,328,0.21646341463414634
432,1998,73,337,0.2166172106824926
432,1999,73,330,0.22121212121212122
432,2000,74,330,0.22424242424242424
432,2001,72,323,0.22291021671826625
432,2002,75,327,0.22935779816513763
432,2003,74,327,0.22629969418960244
432,2004,76,327,0.2324159021406728
432,2005,75,324,0.23148148148148148
433,1995,83,323,0.25696594427244585
433,1996,83,325,0.2553846153846154
433,1997,84,328,0.25609756097560976
433,1998,83,337,0.24629080118694363
433,1999,84,330,0.2545454545454545
433,2000,84,330,0.2545454545454545
433,2001,80,323,0.2476780185758514
433,2002,84,327,0.25688073394495414
433,2003,82,327,0.25076452599388377
433,2004,83,327,0.25382262996941896
433,2005,81,324,0.25
434,1995,72,323,0.22291021671826625
434,1996,71,325,0.21846153846153846
434,1997,70,328,0.21341463414634146
434,1998,73,337,0.2166172106824926
434,1999,72,330,0.21818181818181817
434,2000,73,330,0.22121212121212122
434,2001,72,323,0.22291021671826625
434,2002,76,327,0.2324159021406728
434,2003,74,327,0.22629969418960244
434,2004,76,327,0.2324159021406728
434,2005,75,324,0.23148148148148148
435,1995,77,323,0.23839009287925697
435,1996,77,325,0.23692307692307693
435,1997,77,328,0.2347560975609756
435,1998,78,337,0.2314540059347181
435,1999,77,330,0.23333333333333334
435,2000,78,330,0.23636363636363636
435,2001,75,323,0.23219814241486067
435,2002,79,327,0.2415902140672783
435,2003,75,327,0.22935779816513763
435,2004,78,327,0.23853211009174313
435,2005,77,324,0.23765432098765432
436,1995,69,323,0.21362229102167182
436,1996,69,325,0.2123076923076923
436,1997,68,328,0.2073170731707317
436,1998,68,337,0.20178041543026706
436,1999,68,330,0.20606060606060606
436,2000,68,330,0.20606060606060606
436,2001,67,323,0.20743034055727555
436,2002,70,327,0.21406727828746178
436,2003,69,327,0.21100917431192662
436,2004,70,327,0.21406727828746178
436,2005,69,324,0.21296296296296297
437,1995,83,323,0.25696594427244585
437,1996,83,325,0.2553846153846154
437,1997,83,328,0.2530487804878049
437,1998,83,337,0.24629080118694363
437,1999,83,330,0.2515151515151515
437,2000,83,330,0.2515151515151515
437,2001,80,323,0.2476780185758514
437,2002,82,327,0.25076452599388377
437,2003,79,327,0.2415902140672783
437,2004,82,327,0.25076452599388377
437,2005,79,324,0.24382716049382716
438,1995,64,323,0.19814241486068113
438,1996,63,325,0.19384615384615383
438,1997,65,328,0.19817073170731708
438,1998,66,337,0.19584569732937684
438,1999,66,330,0.2
438,2000,69,330,0.20909090909090908
438,2001,68,323,0.21052631578947367
438,2002,71,327,0.21712538226299694
438,2003,70,327,0.21406727828746178
438,2004,73,327,0.22324159021406728
438,2005,71,324,0.2191358024691358
439,1995,73,323,0.2260061919504644
439,1996,72,325,0.22153846153846155
439,1997,72,328,0.21951219512195122
439,1998,73,337,0.2166172106824926
439,1999,73,330,0.22121212121212122
439,2000,74,330,0.22424242424242424
439,2001,72,323,0.22291021671826625
439,2002,76,327,0.2324159021406728
439,2003,73,327,0.22324159021406728
439,2004,75,327,0.22935779816513763
439,2005,74,324,0.22839506172839505
450,1995,49,323,0.15170278637770898
450,1996,50,325,0.15384615384615385
450,1997,50,328,0.1524390243902439
450,1998,50,337,0.14836795252225518
450,1999,49,330,0.1484848484848485
450,2000,51,330,0.15454545454545454
450,2001,50,323,0.15479876160990713
450,2002,52,327,0.15902140672782875
450,2003,51,327,0.1559633027522936
450,2004,52,327,0.15902140672782875
450,2005,51,324,0.1574074074074074
451,1995,57,323,0.17647058823529413
451,1996,55,325,0.16923076923076924
451,1997,58,328,0.17682926829268292
451,1998,58,337,0.17210682492581603
451,1999,57,330,0.17272727272727273
451,2000,57,330,0.17272727272727273
451,2001,56,323,0.17337461300309598
451,2002,62,327,0.18960244648318042
451,2003,60,327,0.1834862385321101
451,2004,59,327,0.18042813455657492
451,2005,59,324,0.18209876543209877
452,1995,69,323,0.21362229102167182
452,1996,68,325,0.20923076923076922
452,1997,71,328,0.21646341463414634
452,1998,69,337,0.20474777448071216
452,1999,69,330,0.20909090909090908
452,2000,70,330,0.21212121212121213
452,2001,68,323,0.21052631578947367
452,2002,71,327,0.21712538226299694
452,2003,70,327,0.21406727828746178
452,2004,70,327,0.21406727828746178
452,2005,70,324,0.21604938271604937
461,1995,70,323,0.21671826625386997
461,1996,69,325,0.2123076923076923
461,1997,70,328,0.21341463414634146
461,1998,71,337,0.21068249258160238
461,1999,72,330,0.21818181818181817
461,2000,73,330,0.22121212121212122
461,2001,73,323,0.2260061919504644
461,2002,75,327,0.22935779816513763
461,2003,73,327,0.22324159021406728
461,2004,77,327,0.23547400611620795
461,2005,79,324,0.24382716049382716
471,1995,85,323,0.2631578947368421
471,1996,83,325,0.2553846153846154
471,1997,83,328,0.2530487804878049
471,1998,83,337,0.24629080118694363
471,1999,82,330,0.24848484848484848
471,2000,85,330,0.25757575757575757
471,2001,83,323,0.25696594427244585
471,2002,86,327,0.26299694189602446
471,2003,84,327,0.25688073394495414
471,2004,86,327,0.26299694189602446
471,2005,86,324,0.2654320987654321
475,1995,80,323,0.2476780185758514
475,1996,77,325,0.23692307692307693
475,1997,80,328,0.24390243902439024
475,1998,80,337,0.23738872403560832
475,1999,80,330,0.24242424242424243
475,2000,78,330,0.23636363636363636
475,2001,76,323,0.23529411764705882
475,2002,82,327,0.25076452599388377
475,2003,79,327,0.2415902140672783
475,2004,83,327,0.25382262996941896
475,2005,81,324,0.25
481,1995,76,323,0.23529411764705882
481,1996,76,325,0.23384615384615384
481,1997,76,328,0.23170731707317074
481,1998,76,337,0.22551928783382788
481,1999,75,330,0.22727272727272727
481,2000,75,330,0.22727272727272727
481,2001,75,323,0.23219814241486067
481,2002,78,327,0.23853211009174313
481,2003,77,327,0.23547400611620795
481,2004,78,327,0.23853211009174313
481,2005,76,324,0.2345679012345679
482,1995,63,323,0.19504643962848298
482,1996,62,325,0.19076923076923077
482,1997,60,328,0.18292682926829268
482,1998,60,337,0.17804154302670624
482,1999,60,330,0.18181818181818182
482,2000,60,330,0.18181818181818182
482,2001,61,323,0.18885448916408668
482,2002,66,327,0.2018348623853211
482,2003,64,327,0.19571865443425077
482,2004,66,327,0.2018348623853211
482,2005,64,324,0.19753086419753085
483,1995,64,323,0.19814241486068113
483,1996,64,325,0.19692307692307692
483,1997,62,328,0.18902439024390244
483,1998,63,337,0.18694362017804153
483,1999,63,330,0.19090909090909092
483,2000,64,330,0.19393939393939394
483,2001,63,323,0.19504643962848298
483,2002,65,327,0.19877675840978593
483,2003,63,327,0.1926605504587156
483,2004,66,327,0.2018348623853211
483,2005,65,324,0.2006172839506173
484,1995,63,323,0.19504643962848298
484,1996,64,325,0.19692307692307692
484,1997,64,328,0.1951219512195122
484,1998,63,337,0.18694362017804153
484,1999,65,330,0.19696969696969696
484,2000,65,330,0.19696969696969696
484,2001,64,323,0.19814241486068113
484,2002,67,327,0.20489296636085627
484,2003,65,327,0.19877675840978593
484,2004,69,327,0.21100917431192662
484,2005,66,324,0.2037037037037037
490,1995,59,323,0.1826625386996904
490,1996,58,325,0.17846153846153845
490,1997,61,328,0.18597560975609756
490,1998,60,337,0.17804154302670624
490,1999,60,330,0.18181818181818182
490,2000,60,330,0.18181818181818182
490,2001,59,323,0.1826625386996904
490,2002,62,327,0.18960244648318042
490,2003,59,327,0.18042813455657492
490,2004,61,327,0.18654434250764526
490,2005,58,324,0.17901234567901234
500,1995,55,323,0.17027863777089783
500,1996,55,325,0.16923076923076924
500,1997,60,328,0.18292682926829268
500,1998,60,337,0.17804154302670624
500,1999,60,330,0.18181818181818182
500,2000,61,330,0.18484848484848485
500,2001,58,323,0.17956656346749225
500,2002,61,327,0.18654434250764526
500,2003,59,327,0.18042813455657492
500,2004,60,327,0.1834862385321101
500,2005,61,324,0.1882716049382716
501,1995,61,323,0.18885448916408668
501,1996,61,325,0.18769230769230769
501,1997,66,328,0.20121951219512196
501,1998,68,337,0.20178041543026706
501,1999,69,330,0.20909090909090908
501,2000,70,330,0.21212121212121213
501,2001,69,323,0.21362229102167182
501,2002,73,327,0.22324159021406728
501,2003,70,327,0.21406727828746178
501,2004,72,327,0.22018348623853212
501,2005,73,324,0.22530864197530864
510,1995,58,323,0.17956656346749225
510,1996,59,325,0.18153846153846154
510,1997,65,328,0.19817073170731708
510,1998,66,337,0.19584569732937684
510,1999,66,330,0.2
510,2000,66,330,0.2
510,2001,62,323,0.19195046439628483
510,2002,66,327,0.2018348623853211
510,2003,64,327,0.19571865443425077
510,2004,67,327,0.20489296636085627
510,2005,66,324,0.2037037037037037
516,1995,44,323,0.13622291021671826
516,1996,43,325,0.13230769230769232
516,1997,44,328,0.13414634146341464
516,1998,44,337,0.13056379821958458
516,1999,46,330,0.1393939393939394
516,2000,47,330,0.14242424242424243
516,2001,45,323,0.1393188854489164
516,2002,50,327,0.1529051987767584
516,2003,48,327,0.14678899082568808
516,2004,51,327,0.1559633027522936
516,2005,51,324,0.1574074074074074
517,1995,46,323,0.14241486068111456
517,1996,46,325,0.14153846153846153
517,1997,47,328,0.14329268292682926
517,1998,46,337,0.13649851632047477
517,1999,46,330,0.1393939393939394
517,2000,46,330,0.1393939393939394
517,2001,44,323,0.13622291021671826
517,2002,47,327,0.1437308868501529
517,2003,47,327,0.1437308868501529
517,2004,50,327,0.1529051987767584
517,2005,51,324,0.1574074074074074
520,1995,48,323,0.14860681114551083
520,1996,48,325,0.1476923076923077
520,1997,48,328,0.14634146341463414
520,1998,46,337,0.13649851632047477
520,1999,46,330,0.1393939393939394
520,2000,47,330,0.14242424242424243
520,2001,45,323,0.1393188854489164
520,2002,48,327,0.14678899082568808
520,2003,46,327,0.14067278287461774
520,2004,46,327,0.14067278287461774
520,2005,47,324,0.14506172839506173
530,1995,45,323,0.1393188854489164
530,1996,45,325,0.13846153846153847
530,1997,46,328,0.1402439024390244
530,1998,47,337,0.1394658753709199
530,1999,47,330,0.14242424242424243
530,2000,48,330,0.14545454545454545
530,2001,47,323,0.14551083591331268
530,2002,51,327,0.1559633027522936
530,2003,50,327,0.1529051987767584
530,2004,52,327,0.15902140672782875
530,2005,52,324,0.16049382716049382
531,1995,26,323,0.0804953560371517
531,1996,26,325,0.08
531,1997,30,328,0.09146341463414634
531,1998,30,337,0.08902077151335312
531,1999,31,330,0.09393939393939393
531,2000,32,330,0.09696969696969697
531,2001,32,323,0.09907120743034056
531,2002,38,327,0.1162079510703364
531,2003,36,327,0.11009174311926606
531,2004,37,327,0.11314984709480122
531,2005,37,324,0.11419753086419752
540,1995,41,323,0.12693498452012383
540,1996,43,325,0.13230769230769232
540,1997,46,328,0.1402439024390244
540,1998,46,337,0.13649851632047477
540,1999,47,330,0.14242424242424243
540,2000,49,330,0.1484848484848485
540,2001,48,323,0.14860681114551083
540,2002,51,327,0.1559633027522936
540,2003,49,327,0.14984709480122324
540,2004,51,327,0.1559633027522936
540,2005,50,324,0.15432098765432098
541,1995,41,323,0.12693498452012383
541,1996,44,325,0.13538461538461538
541,1997,50,328,0.1524390243902439
541,1998,54,337,0.16023738872403562
541,1999,54,330,0.16363636363636364
541,2000,56,330,0.1696969696969697
541,2001,55,323,0.17027863777089783
541,2002,57,327,0.1743119266055046
541,2003,57,327,0.1743119266055046
541,2004,58,327,0.17737003058103976
541,2005,58,324,0.17901234567901234
551,1995,53,323,0.16408668730650156
551,1996,52,325,0.16
551,1997,57,328,0.17378048780487804
551,1998,57,337,0.16913946587537093
551,1999,58,330,0.17575757575757575
551,2000,58,330,0.17575757575757575
551,2001,56,323,0.17337461300309598
551,2002,60,327,0.1834862385321101
551,2003,59,327,0.18042813455657492
551,2004,60,327,0.1834862385321101
551,2005,60,324,0.18518518518518517
552,1995,55,323,0.17027863777089783
552,1996,54,325,0.16615384615384615
552,1997,57,328,0.17378048780487804
552,1998,57,337,0.16913946587537093
552,1999,57,330,0.17272727272727273
552,2000,60,330,0.18181818181818182
552,2001,57,323,0.17647058823529413
552,2002,60,327,0.1834862385321101
552,2003,58,327,0.17737003058103976
552,2004,57,327,0.1743119266055046
552,2005,58,324,0.17901234567901234
553,1995,48,323,0.14860681114551083
553,1996,49,325,0.15076923076923077
553,1997,50,328,0.1524390243902439
553,1998,50,337,0.14836795252225518
553,1999,50,330,0.15151515151515152
553,2000,51,330,0.15454545454545454
553,2001,49,323,0.15170278637770898
553,2002,53,327,0.1620795107033639
553,2003,50,327,0.1529051987767584
553,2004,50,327,0.1529051987767584
553,2005,50,324,0.15432098765432098
560,1995,53,323,0.16408668730650156
560,1996,53,325,0.16307692307692306
560,1997,58,328,0.17682926829268292
560,1998,61,337,0.18100890207715134
560,1999,61,330,0.18484848484848485
560,2000,67,330,0.20303030303030303
560,2001,66,323,0.2043343653250774
560,2002,71,327,0.21712538226299694
560,2003,69,327,0.21100917431192662
560,2004,71,327,0.21712538226299694
560,2005,73,324,0.22530864197530864
565,1995,39,323,0.12074303405572756
565,1996,38,325,0.11692307692307692
565,1997,42,328,0.12804878048780488
565,1998,43,337,0.12759643916913946
565,1999,45,330,0.13636363636363635
565,2000,45,330,0.13636363636363635
565,2001,46,323,0.14241486068111456
565,2002,52,327,0.15902140672782875
565,2003,50,327,0.1529051987767584
565,2004,52,327,0.15902140672782875
565,2005,53,324,0.16358024691358025
570,1995,46,323,0.14241486068111456
570,1996,46,325,0.14153846153846153
570,1997,44,328,0.13414634146341464
570,1998,44,337,0.13056379821958458
570,1999,44,330,0.13333333333333333
570,2000,44,330,0.13333333333333333
570,2001,44,323,0.13622291021671826
570,2002,48,327,0.14678899082568808
570,2003,45,327,0.13761467889908258
570,2004,46,327,0.14067278287461774
570,2005,46,324,0.1419753086419753
571,1995,41,323,0.12693498452012383
571,1996,41,325,0.12615384615384614
571,1997,46,328,0.1402439024390244
571,1998,49,337,0.14540059347181009
571,1999,49,330,0.1484848484848485
571,2000,49,330,0.1484848484848485
571,2001,47,323,0.14551083591331268
571,2002,52,327,0.15902140672782875
571,2003,49,327,0.14984709480122324
571,2004,49,327,0.14984709480122324
571,2005,49,324,0.15123456790123457
572,1995,44,323,0.13622291021671826
572,1996,43,325,0.13230769230769232
572,1997,43,328,0.13109756097560976
572,1998,44,337,0.13056379821958458
572,1999,45,330,0.13636363636363635
572,2000,46,330,0.1393939393939394
572,2001,45,323,0.1393188854489164
572,2002,47,327,0.1437308868501529
572,2003,44,327,0.1345565749235474
572,2004,45,327,0.13761467889908258
572,2005,45,324,0.1388888888888889
580,1995,55,323,0.17027863777089783
580,1996,55,325,0.16923076923076924
580,1997,58,328,0.17682926829268292
580,1998,58,337,0.17210682492581603
580,1999,58,330,0.17575757575757575
580,2000,58,330,0.17575757575757575
580,2001,57,323,0.17647058823529413
580,2002,59,327,0.18042813455657492
580,2003,59,327,0.18042813455657492
580,2004,60,327,0.1834862385321101
580,2005,60,324,0.18518518518518517
590,1995,54,323,0.16718266253869968
590,1996,53,325,0.16307692307692306
590,1997,56,328,0.17073170731707318
590,1998,57,337,0.16913946587537093
590,1999,58,330,0.17575757575757575
590,2000,57,330,0.17272727272727273
590,2001,56,323,0.17337461300309598
590,2002,61,327,0.18654434250764526
590,2003,60,327,0.1834862385321101
590,2004,61,327,0.18654434250764526
590,2005,61,324,0.1882716049382716
600,1995,78,323,0.24148606811145512
600,1996,77,325,0.23692307692307693
600,1997,77,328,0.2347560975609756
600,1998,80,337,0.23738872403560832
600,1999,82,330,0.24848484848484848
600,2000,82,330,0.24848484848484848
600,2001,81,323,0.25077399380804954
600,2002,81,327,0.24770642201834864
600,2003,81,327,0.24770642201834864
600,2004,79,327,0.2415902140672783
600,2005,81,324,0.25
615,1995,74,323,0.22910216718266255
615,1996,75,325,0.23076923076923078
615,1997,76,328,0.23170731707317074
615,1998,79,337,0.2344213649851632
615,1999,78,330,0.23636363636363636
615,2000,82,330,0.24848484848484848
615,2001,81,323,0.25077399380804954
615,2002,83,327,0.25382262996941896
615,2003,81,327,0.24770642201834864
615,2004,83,327,0.25382262996941896
615,2005,83,324,0.25617283950617287
616,1995,83,323,0.25696594427244585
616,1996,82,325,0.2523076923076923
616,1997,84,328,0.25609756097560976
616,1998,85,337,0.2522255192878338
616,1999,85,330,0.25757575757575757
616,2000,87,330,0.2636363636363636
616,2001,86,323,0.26625386996904027
616,2002,87,327,0.26605504587155965
616,2003,86,327,0.26299694189602446
616,2004,83,327,0.25382262996941896
616,2005,83,324,0.25617283950617287
620,1995,61,323,0.18885448916408668
620,1996,62,325,0.19076923076923077
620,1997,65,328,0.19817073170731708
620,1998,63,337,0.18694362017804153
620,1999,62,330,0.18787878787878787
620,2000,64,330,0.19393939393939394
620,2001,61,323,0.18885448916408668
620,2002,61,327,0.18654434250764526
620,2003,61,327,0.18654434250764526
620,2004,61,327,0.18654434250764526
620,2005,62,324,0.19135802469135801
625,1995,68,323,0.21052631578947367
625,1996,68,325,0.20923076923076922
625,1997,69,328,0.21036585365853658
625,1998,69,337,0.20474777448071216
625,1999,69,330,0.20909090909090908
625,2000,71,330,0.21515151515151515
625,2001,69,323,0.21362229102167182
625,2002,73,327,0.22324159021406728
625,2003,71,327,0.21712538226299694
625,2004,71,327,0.21712538226299694
625,2005,71,324,0.2191358024691358
630,1995,50,323,0.15479876160990713
630,1996,51,325,0.15692307692307692
630,1997,54,328,0.16463414634146342
630,1998,54,337,0.16023738872403562
630,1999,54,330,0.16363636363636364
630,2000,56,330,0.1696969696969697
630,2001,56,323,0.17337461300309598
630,2002,56,327,0.1712538226299694
630,2003,56,327,0.1712538226299694
630,2004,57,327,0.1743119266055046
630,2005,59,324,0.18209876543209877
640,1995,71,323,0.21981424148606812
640,1996,71,325,0.21846153846153846
640,1997,74,328,0.22560975609756098
640,1998,75,337,0.22255192878338279
640,1999,74,330,0.22424242424242424
640,2000,76,330,0.23030303030303031
640,2001,76,323,0.23529411764705882
640,2002,74,327,0.22629969418960244
640,2003,76,327,0.2324159021406728
640,2004,77,327,0.23547400611620795
640,2005,77,324,0.23765432098765432
645,1995,56,323,0.17337461300309598
645,1996,56,325,0.1723076923076923
645,1997,56,328,0.17073170731707318
645,1998,56,337,0.1661721068249258
645,1999,56,330,0.1696969696969697
645,2000,56,330,0.1696969696969697
645,2001,55,323,0.17027863777089783
645,2002,52,327,0.15902140672782875
645,2003,52,327,0.15902140672782875
645,2004,53,327,0.1620795107033639
645,2005,51,324,0.1574074074074074
651,1995,87,323,0.2693498452012384
651,1996,86,325,0.26461538461538464
651,1997,86,328,0.2621951219512195
651,1998,89,337,0.26409495548961426
651,1999,87,330,0.2636363636363636
651,2000,89,330,0.2696969696969697
651,2001,89,323,0.2755417956656347
651,2002,90,327,0.27522935779816515
651,2003,88,327,0.2691131498470948
651,2004,87,327,0.26605504587155965
651,2005,87,324,0.26851851851851855
652,1995,57,323,0.17647058823529413
652,1996,58,325,0.17846153846153845
652,1997,58,328,0.17682926829268292
652,1998,58,337,0.17210682492581603
652,1999,58,330,0.17575757575757575
652,2000,58,330,0.17575757575757575
652,2001,57,323,0.17647058823529413
652,2002,56,327,0.1712538226299694
652,2003,55,327,0.16819571865443425
652,2004,55,327,0.16819571865443425
652,2005,55,324,0.1697530864197531
660,1995,57,323,0.17647058823529413
660,1996,57,325,0.1753846153846154
660,1997,55,328,0.1676829268292683
660,1998,56,337,0.1661721068249258
660,1999,57,330,0.17272727272727273
660,2000,58,330,0.17575757575757575
660,2001,57,323,0.17647058823529413
660,2002,56,327,0.1712538226299694
660,2003,56,327,0.1712538226299694
660,2004,57,327,0.1743119266055046
660,2005,57,324,0.17592592592592593
663,1995,53,323,0.16408668730650156
663,1996,53,325,0.16307692307692306
663,1997,54,328,0.16463414634146342
663,1998,54,337,0.16023738872403562
663,1999,56,330,0.1696969696969697
663,2000,58,330,0.17575757575757575
663,2001,58,323,0.17956656346749225
663,2002,59,327,0.18042813455657492
663,2003,59,327,0.18042813455657492
663,2004,60,327,0.1834862385321101
663,2005,60,324,0.18518518518518517
666,1995,56,323,0.17337461300309598
666,1996,54,325,0.16615384615384615
666,1997,55,328,0.1676829268292683
666,1998,55,337,0.1632047477744807
666,1999,55,330,0.16666666666666666
666,2000,55,330,0.16666666666666666
666,2001,56,323,0.17337461300309598
666,2002,55,327,0.16819571865443425
666,2003,54,327,0.1651376146788991
666,2004,55,327,0.16819571865443425
666,2005,56,324,0.1728395061728395
670,1995,56,323,0.17337461300309598
670,1996,57,325,0.1753846153846154
670,1997,58,328,0.17682926829268292
670,1998,59,337,0.17507418397626112
670,1999,59,330,0.1787878787878788
670,2000,60,330,0.18181818181818182
670,2001,58,323,0.17956656346749225
670,2002,59,327,0.18042813455657492
670,2003,59,327,0.18042813455657492
670,2004,61,327,0.18654434250764526
670,2005,62,324,0.19135802469135801
678,1995,43,323,0.13312693498452013
678,1996,44,325,0.13538461538461538
678,1997,47,328,0.14329268292682926
678,1998,48,337,0.142433234421365
678,1999,50,330,0.15151515151515152
678,2000,50,330,0.15151515151515152
678,2001,48,323,0.14860681114551083
678,2002,47,327,0.1437308868501529
678,2003,47,327,0.1437308868501529
678,2004,48,327,0.14678899082568808
678,2005,49,324,0.15123456790123457
690,1995,57,323,0.17647058823529413
690,1996,56,325,0.1723076923076923
690,1997,56,328,0.17073170731707318
690,1998,58,337,0.17210682492581603
690,1999,57,330,0.17272727272727273
690,2000,57,330,0.17272727272727273
690,2001,56,323,0.17337461300309598
690,2002,55,327,0.16819571865443425
690,2003,57,327,0.1743119266055046
690,2004,57,327,0.1743119266055046
690,2005,57,324,0.17592592592592593
694,1995,48,323,0.14860681114551083
694,1996,49,325,0.15076923076923077
694,1997,51,328,0.15548780487804878
694,1998,51,337,0.1513353115727003
694,1999,52,330,0.15757575757575756
694,2000,54,330,0.16363636363636364
694,2001,53,323,0.16408668730650156
694,2002,55,327,0.16819571865443425
694,2003,55,327,0.16819571865443425
694,2004,54,327,0.1651376146788991
694,2005,55,324,0.1697530864197531
698,1995,46,323,0.14241486068111456
698,1996,46,325,0.14153846153846153
698,1997,49,328,0.14939024390243902
698,1998,50,337,0.14836795252225518
698,1999,53,330,0.1606060606060606
698,2000,56,330,0.1696969696969697
698,2001,55,323,0.17027863777089783
698,2002,54,327,0.1651376146788991
698,2003,56,327,0.1712538226299694
698,2004,57,327,0.1743119266055046
698,2005,57,324,0.17592592592592593
700,1995,33,323,0.1021671826625387
700,1996,33,325,0.10153846153846154
700,1997,33,328,0.10060975609756098
700,1998,33,337,0.09792284866468842
700,1999,33,330,0.1
700,2000,33,330,0.1
700,2001,33,323,0.1021671826625387
700,2002,33,327,0.10091743119266056
700,2003,34,327,0.10397553516819572
700,2004,34,327,0.10397553516819572
700,2005,38,324,0.11728395061728394
701,1995,31,323,0.09597523219814241
701,1996,31,325,0.09538461538461539
701,1997,35,328,0.10670731707317073
701,1998,36,337,0.10682492581602374
701,1999,37,330,0.11212121212121212
701,2000,38,330,0.11515151515151516
701,2001,39,323,0.12074303405572756
701,2002,38,327,0.1162079510703364
701,2003,38,327,0.1162079510703364
701,2004,38,327,0.1162079510703364
701,2005,37,324,0.11419753086419752
702,1995,27,323,0.08359133126934984
702,1996,30,325,0.09230769230769231
702,1997,33,328,0.10060975609756098
702,1998,36,337,0.10682492581602374
702,1999,37,330,0.11212121212121212
702,2000,39,330,0.11818181818181818
702,2001,40,323,0.1238390092879257
702,2002,41,327,0.12538226299694188
702,2003,41,327,0.12538226299694188
702,2004,42,327,0.12844036697247707
702,2005,42,324,0.12962962962962962
703,1995,34,323,0.10526315789473684
703,1996,36,325,0.11076923076923077
703,1997,40,328,0.12195121951219512
703,1998,42,337,0.12462908011869436
703,1999,43,330,0.1303030303030303
703,2000,49,330,0.1484848484848485
703,2001,50,323,0.15479876160990713
703,2002,49,327,0.14984709480122324
703,2003,50,327,0.1529051987767584
703,2004,50,327,0.1529051987767584
703,2005,50,324,0.15432098765432098
704,1995,38,323,0.11764705882352941
704,1996,38,325,0.11692307692307692
704,1997,42,328,0.12804878048780488
704,1998,42,337,0.12462908011869436
704,1999,42,330,0.12727272727272726
704,2000,42,330,0.12727272727272726
704,2001,45,323,0.1393188854489164
704,2002,45,327,0.13761467889908258
704,2003,46,327,0.14067278287461774
704,2004,47,327,0.1437308868501529
704,2005,50,324,0.15432098765432098
705,1995,38,323,0.11764705882352941
705,1996,40,325,0.12307692307692308
705,1997,45,328,0.13719512195121952
705,1998,49,337,0.14540059347181009
705,1999,50,330,0.15151515151515152
705,2000,51,330,0.15454545454545454
705,2001,51,323,0.15789473684210525
705,2002,50,327,0.1529051987767584
705,2003,50,327,0.1529051987767584
705,2004,52,327,0.15902140672782875
705,2005,53,324,0.16358024691358025
710,1995,66,323,0.2043343653250774
710,1996,69,325,0.2123076923076923
710,1997,71,328,0.21646341463414634
710,1998,74,337,0.2195845697329377
710,1999,75,330,0.22727272727272727
710,2000,75,330,0.22727272727272727
710,2001,76,323,0.23529411764705882
710,2002,73,327,0.22324159021406728
710,2003,74,327,0.22629969418960244
710,2004,73,327,0.22324159021406728
710,2005,73,324,0.22530864197530864
712,1995,30,323,0.09287925696594428
712,1996,32,325,0.09846153846153846
712,1997,35,328,0.10670731707317073
712,1998,37,337,0.10979228486646884
712,1999,37,330,0.11212121212121212
712,2000,38,330,0.11515151515151516
712,2001,39,323,0.12074303405572756
712,2002,43,327,0.13149847094801223
712,2003,44,327,0.1345565749235474
712,2004,45,327,0.13761467889908258
712,2005,46,324,0.1419753086419753
731,1995,28,323,0.08668730650154799
731,1996,28,325,0.08615384615384615
731,1997,28,328,0.08536585365853659
731,1998,29,337,0.08605341246290801
731,1999,29,330,0.08787878787878788
731,2000,29,330,0.08787878787878788
731,2001,29,323,0.08978328173374613
731,2002,30,327,0.09174311926605505
731,2003,31,327,0.09480122324159021
731,2004,31,327,0.09480122324159021
731,2005,32,324,0.09876543209876543
732,1995,64,323,0.19814241486068113
732,1996,66,325,0.20307692307692307
732,1997,68,328,0.2073170731707317
732,1998,70,337,0.20771513353115728
732,1999,71,330,0.21515151515151515
732,2000,72,330,0.21818181818181817
732,2001,73,323,0.2260061919504644
732,2002,75,327,0.22935779816513763
732,2003,75,327,0.22935779816513763
732,2004,75,327,0.22935779816513763
732,2005,79,324,0.24382716049382716
740,1995,80,323,0.2476780185758514
740,1996,79,325,0.24307692307692308
740,1997,80,328,0.24390243902439024
740,1998,82,337,0.2433234421364985
740,1999,82,330,0.24848484848484848
740,2000,81,330,0.24545454545454545
740,2001,83,323,0.25696594427244585
740,2002,83,327,0.25382262996941896
740,2003,83,327,0.25382262996941896
740,2004,82,327,0.25076452599388377
740,2005,82,324,0.25308641975308643
750,1995,78,323,0.24148606811145512
750,1996,79,325,0.24307692307692308
750,1997,83,328,0.2530487804878049
750,1998,85,337,0.2522255192878338
750,1999,84,330,0.2545454545454545
750,2000,83,330,0.2515151515151515
750,2001,85,323,0.2631578947368421
750,2002,83,327,0.25382262996941896
750,2003,85,327,0.2599388379204893
750,2004,85,327,0.2599388379204893
750,2005,85,324,0.2623456790123457
770,1995,67,323,0.20743034055727555
770,1996,67,325,0.20615384615384616
770,1997,69,328,0.21036585365853658
770,1998,71,337,0.21068249258160238
770,1999,70,330,0.21212121212121213
770,2000,70,330,0.21212121212121213
770,2001,71,323,0.21981424148606812
770,2002,70,327,0.21406727828746178
770,2003,70,327,0.21406727828746178
770,2004,71,327,0.21712538226299694
770,2005,71,324,0.2191358024691358
771,1995,56,323,0.17337461300309598
771,1996,55,325,0.16923076923076924
771,1997,60,328,0.18292682926829268
771,1998,59,337,0.17507418397626112
771,1999,60,330,0.18181818181818182
771,2000,60,330,0.18181818181818182
771,2001,61,323,0.18885448916408668
771,2002,61,327,0.18654434250764526
771,2003,61,327,0.18654434250764526
771,2004,62,327,0.18960244648318042
771,2005,62,324,0.19135802469135801
775,1995,39,323,0.12074303405572756
775,1996,38,325,0.11692307692307692
775,1997,39,328,0.11890243902439024
775,1998,40,337,0.11869436201780416
775,1999,40,330,0.12121212121212122
775,2000,39,330,0.11818181818181818
775,2001,40,323,0.1238390092879257
775,2002,41,327,0.12538226299694188
775,2003,41,327,0.12538226299694188
775,2004,42,327,0.12844036697247707
775,2005,42,324,0.12962962962962962
780,1995,64,323,0.19814241486068113
780,1996,64,325,0.19692307692307692
780,1997,64,328,0.1951219512195122
780,1998,65,337,0.19287833827893175
780,1999,66,330,0.2
780,2000,65,330,0.19696969696969696
780,2001,66,323,0.2043343653250774
780,2002,65,327,0.19877675840978593
780,2003,66,327,0.2018348623853211
780,2004,68,327,0.20795107033639143
780,2005,68,324,0.20987654320987653
790,1995,37,323,0.11455108359133127
790,1996,37,325,0.11384615384615385
790,1997,38,328,0.11585365853658537
790,1998,40,337,0.11869436201780416
790,1999,40,330,0.12121212121212122
790,2000,40,330,0.12121212121212122
790,2001,43,323,0.13312693498452013
790,2002,41,327,0.12538226299694188
790,2003,41,327,0.12538226299694188
790,2004,43,327,0.13149847094801223
790,2005,43,324,0.13271604938271606
800,1995,64,323,0.19814241486068113
800,1996,63,325,0.19384615384615383
800,1997,65,328,0.19817073170731708
800,1998,66,337,0.19584569732937684
800,1999,68,330,0.20606060606060606
800,2000,66,330,0.2
800,2001,68,323,0.21052631578947367
800,2002,67,327,0.20489296636085627
800,2003,67,327,0.20489296636085627
800,2004,66,327,0.2018348623853211
800,2005,66,324,0.2037037037037037
811,1995,32,323,0.09907120743034056
811,1996,33,325,0.10153846153846154
811,1997,33,328,0.10060975609756098
811,1998,35,337,0.10385756676557864
811,1999,36,330,0.10909090909090909
811,2000,36,330,0.10909090909090909
811,2001,35,323,0.10835913312693499
811,2002,39,327,0.11926605504587157
811,2003,42,327,0.12844036697247707
811,2004,46,327,0.14067278287461774
811,2005,47,324,0.14506172839506173
812,1995,30,323,0.09287925696594428
812,1996,29,325,0.08923076923076922
812,1997,30,328,0.09146341463414634
812,1998,33,337,0.09792284866468842
812,1999,33,330,0.1
812,2000,33,330,0.1
812,2001,34,323,0.10526315789473684
812,2002,36,327,0.11009174311926606
812,2003,36,327,0.11009174311926606
812,2004,38,327,0.1162079510703364
812,2005,38,324,0.11728395061728394
816,1995,38,323,0.11764705882352941
816,1996,38,325,0.11692307692307692
816,1997,37,328,0.11280487804878049
816,1998,41,337,0.12166172106824925
816,1999,41,330,0.12424242424242424
816,2000,41,330,0.12424242424242424
816,2001,43,323,0.13312693498452013
816,2002,42,327,0.12844036697247707
816,2003,45,327,0.13761467889908258
816,2004,51,327,0.1559633027522936
816,2005,51,324,0.1574074074074074
820,1995,70,323,0.21671826625386997
820,1996,69,325,0.2123076923076923
820,1997,72,328,0.21951219512195122
820,1998,73,337,0.2166172106824926
820,1999,74,330,0.22424242424242424
820,2000,73,330,0.22121212121212122
820,2001,76,323,0.23529411764705882
820,2002,78,327,0.23853211009174313
820,2003,76,327,0.2324159021406728
820,2004,75,327,0.22935779816513763
820,2005,76,324,0.2345679012345679
830,1995,43,323,0.13312693498452013
830,1996,43,325,0.13230769230769232
830,1997,44,328,0.13414634146341464
830,1998,46,337,0.13649851632047477
830,1999,46,330,0.1393939393939394
830,2000,46,330,0.1393939393939394
830,2001,47,323,0.14551083591331268
830,2002,47,327,0.1437308868501529
830,2003,47,327,0.1437308868501529
830,2004,48,327,0.14678899082568808
830,2005,48,324,0.14814814814814814
840,1995,62,323,0.19195046439628483
840,1996,60,325,0.18461538461538463
840,1997,61,328,0.18597560975609756
840,1998,64,337,0.18991097922848665
840,1999,64,330,0.19393939393939394
840,2000,65,330,0.19696969696969696
840,2001,66,323,0.2043343653250774
840,2002,67,327,0.20489296636085627
840,2003,67,327,0.20489296636085627
840,2004,68,327,0.20795107033639143
840,2005,69,324,0.21296296296296297
850,1995,72,323,0.22291021671826625
850,1996,72,325,0.22153846153846155
850,1997,77,328,0.2347560975609756
850,1998,77,337,0.228486646884273
850,1999,78,330,0.23636363636363636
850,2000,77,330,0.23333333333333334
850,2001,77,323,0.23839009287925697
850,2002,75,327,0.22935779816513763
850,2003,76,327,0.2324159021406728
850,2004,76,327,0.2324159021406728
850,2005,76,324,0.2345679012345679
860,2002,4,327,0.012232415902140673
860,2003,12,327,0.03669724770642202
860,2004,17,327,0.05198776758409786
860,2005,21,324,0.06481481481481481
900,1995,73,323,0.2260061919504644
900,1996,72,325,0.22153846153846155
900,1997,73,328,0.2225609756097561
900,1998,73,337,0.2166172106824926
900,1999,72,330,0.21818181818181817
900,2000,72,330,0.21818181818181817
900,2001,73,323,0.2260061919504644
900,2002,76,327,0.2324159021406728
900,2003,76,327,0.2324159021406728
900,2004,77,327,0.23547400611620795
900,2005,77,324,0.23765432098765432
910,1995,45,323,0.1393188854489164
910,1996,45,325,0.13846153846153847
910,1997,46,328,0.1402439024390244
910,1998,47,337,0.1394658753709199
910,1999,48,330,0.14545454545454545
910,2000,48,330,0.14545454545454545
910,2001,49,323,0.15170278637770898
910,2002,50,327,0.1529051987767584
910,2003,50,327,0.1529051987767584
910,2004,52,327,0.15902140672782875
910,2005,53,324,0.16358024691358025
920,1995,59,323,0.1826625386996904
920,1996,58,325,0.17846153846153845
920,1997,58,328,0.17682926829268292
920,1998,58,337,0.17210682492581603
920,1999,58,330,0.17575757575757575
920,2000,58,330,0.17575757575757575
920,2001,59,323,0.1826625386996904
920,2002,62,327,0.18960244648318042
920,2003,60,327,0.1834862385321101
920,2004,63,327,0.1926605504587156
920,2005,63,324,0.19444444444444445
