gwcode,year,date,NY.GDP.PETR.RT.ZS,NY.GDP.TOTL.RT.ZS
2,1995,1995-12-31,0,0.848775744295032
2,1996,1996-12-31,0,1.04371261122416
2,1997,1997-12-31,0,0.851170862762588
2,1998,1998-12-31,0,0.547534533620659
2,1999,1999-12-31,0,0.657469297737729
2,2000,2000-12-31,0,1.10234723554497
2,2001,2001-12-31,0,1.03794833727833
2,2002,2002-12-31,0,0.729708308721953
2,2003,2003-12-31,0,0.887209312271379
2,2004,2004-12-31,0,1.37426253534173
2,2005,2005-12-31,0,1.34457363356083
20,1995,1995-12-31,0,2.62950772475037
20,1996,1996-12-31,0,3.43281263977299
20,1997,1997-12-31,0,2.84574339937209
20,1998,1998-12-31,0,1.76067464187866
20,1999,1999-12-31,0,2.47518856196726
20,2000,2000-12-31,0,4.54193602279344
20,2001,2001-12-31,0,4.00650483317963
20,2002,2002-12-31,0,2.99957622710691
20,2003,2003-12-31,0,3.40238416399112
20,2004,2004-12-31,0,4.86281663969095
20,2005,2005-12-31,0,5.0027115422209
31,1995,1995-12-31,0,0.0939755068763486
31,1996,1996-12-31,0,0.0800968796029261
31,1997,1997-12-31,0,0.0519383330985751
31,1998,1998-12-31,0,0.0125349808283212
31,1999,1999-12-31,0,0.0114200525875684
31,2000,2000-12-31,0,0.00835559564454632
31,2001,2001-12-31,0,0.00858443834207747
31,2002,2002-12-31,0,0.0102431136168236
31,2003,2003-12-31,0,0.00908684225256064
31,2004,2004-12-31,0,0.0080674547185435
31,2005,2005-12-31,0,0.00789631199834358
40,1995,1995-12-31,0,0.698058092835177
40,1996,1996-12-31,0,0.856129663132962
40,1997,1997-12-31,0,0.757943948190754
40,1998,1998-12-31,0,0.379844400020582
40,1999,1999-12-31,0,0.555271454754275
40,2000,2000-12-31,0,1.77275389803695
40,2001,2001-12-31,0,0.937214568049225
40,2002,2002-12-31,0,1.36783943531348
40,2003,2003-12-31,0,2.0268334972506
40,2004,2004-12-31,0,2.8067315553509
40,2005,2005-12-31,0,3.13383516088202
41,1995,1995-12-31,0,1.22519462494497
41,1996,1996-12-31,0,0.942846828569853
41,1997,1997-12-31,0,0.993748300618704
41,1998,1998-12-31,0,0.778425983964812
41,1999,1999-12-31,0,0.619397719322079
41,2000,2000-12-31,0,0.60219988216405
41,2001,2001-12-31,0,0.674835080552995
41,2002,2002-12-31,0,0.692006970696808
41,2003,2003-12-31,0,0.845124102569404
41,2004,2004-12-31,0,0.708210485644867
41,2005,2005-12-31,0,0.579783470974728
42,1995,1995-12-31,0,0.980524065971952
42,1996,1996-12-31,0,0.700989224850768
42,1997,1997-12-31,0,0.600732020636262
42,1998,1998-12-31,0,0.0582608035507981
42,1999,1999-12-31,0,0.322543386968899
42,2000,2000-12-31,0,0.73770482956835
42,2001,2001-12-31,0,0.299397016552646
42,2002,2002-12-31,0,0.404816912548229
42,2003,2003-12-31,0,1.15222940570151
42,2004,2004-12-31,0,1.94542334753302
42,2005,2005-12-31,0,1.59321888228119
51,1995,1995-12-31,0,2.63814622053145
51,1996,1996-12-31,0,3.13893679979078
51,1997,1997-12-31,0,2.52258026449932
51,1998,1998-12-31,0,2.16789219127552
51,1999,1999-12-31,0,1.74153469137657
51,2000,2000-12-31,0,1.76228789431086
51,2001,2001-12-31,0,1.96608848799024
51,2002,2002-12-31,0,1.53495420155181
51,2003,2003-12-31,0,1.41309577270998
51,2004,2004-12-31,0,1.72621595916129
51,2005,2005-12-31,0,1.86601838714769
52,1995,1995-12-31,7.78784049962513,9.00748573437643
52,1996,1996-12-31,9.6048244904943,11.3258365472566
52,1997,1997-12-31,7.78084512157959,9.74899073762875
52,1998,1998-12-31,3.11475800976782,4.38740285324135
52,1999,1999-12-31,5.97379127194405,7.26955615039469
52,2000,2000-12-31,9.6306747465934,12.6573397093184
52,2001,2001-12-31,5.91821650972032,9.37932888216096
52,2002,2002-12-31,7.2578291621321,10.5906840414372
52,2003,2003-12-31,7.21674636072021,11.135481675826
52,2004,2004-12-31,7.60675897424447,12.9933375812039
52,2005,2005-12-31,11.4227194386295,18.821873662552
53,1995,1995-12-31,0,0.204726981831329
53,1996,1996-12-31,0,0.202749921535284
53,1997,1997-12-31,0,0.161906696996411
53,1998,1998-12-31,0,0.102611072542475
53,1999,1999-12-31,0,0.225647644691802
53,2000,2000-12-31,0,0.343780711023072
53,2001,2001-12-31,0,0.208600248473884
53,2002,2002-12-31,0,0.176296851647526
53,2003,2003-12-31,0,0.203976396950415
53,2004,2004-12-31,0,0.257637347868755
53,2005,2005-12-31,0,0.360166811659431
54,1995,1995-12-31,0,0.0493633809569159
54,1996,1996-12-31,0,0.0341365681926974
54,1997,1997-12-31,0,0.0467169726333325
54,1998,1998-12-31,0,0.0383603674797897
54,1999,1999-12-31,0,0.0315497921032706
54,2000,2000-12-31,0,0.024740935997004
54,2001,2001-12-31,0,0.0240666160060704
54,2002,2002-12-31,0,0.0218439826519193
54,2003,2003-12-31,0,0.0223689970853294
54,2004,2004-12-31,0,0.0215836460980622
54,2005,2005-12-31,0,0.0208459674833131
55,1995,1995-12-31,0,0
55,1996,1996-12-31,0,0
55,1997,1997-12-31,0,0
55,1998,1998-12-31,0,0
55,1999,1999-12-31,0,0
55,2000,2000-12-31,0,0
55,2001,2001-12-31,0,0
55,2002,2002-12-31,0,0
55,2003,2003-12-31,0,0
55,2004,2004-12-31,0,0
55,2005,2005-12-31,0,0
56,1995,1995-12-31,0,0.0217786332632493
56,1996,1996-12-31,0,0.015999484532572
56,1997,1997-12-31,0,0.0208482609833645
56,1998,1998-12-31,0,0.0166802422932159
56,1999,1999-12-31,0,0.0136151604860764
56,2000,2000-12-31,0,0.0123985980615582
56,2001,2001-12-31,0,0.0131049056573152
56,2002,2002-12-31,0,0.0117784743139731
56,2003,2003-12-31,0,0.0116435085974425
56,2004,2004-12-31,0,0.0110604840637065
56,2005,2005-12-31,0,0.0100437838796645
57,1995,1995-12-31,0,0.0368254426491843
57,1996,1996-12-31,0,0.025598631190834
57,1997,1997-12-31,0,0.0343912439839842
57,1998,1998-12-31,0,0.0273077820700886
57,1999,1999-12-31,0,0.0220430281062195
57,2000,2000-12-31,0,0.0213080850465164
57,2001,2001-12-31,0,0.019390927466502
57,2002,2002-12-31,0,0.0160307041463871
57,2003,2003-12-31,0,0.0162169796614912
57,2004,2004-12-31,0,0.0153750856469093
57,2005,2005-12-31,0,0.0138315507209924
58,1995,1995-12-31,0,0
58,1996,1996-12-31,0,0
58,1997,1997-12-31,0,0
58,1998,1998-12-31,0,0
58,1999,1999-12-31,0,0
58,2000,2000-12-31,0,0
58,2001,2001-12-31,0,0
58,2002,2002-12-31,0,0
58,2003,2003-12-31,0,0
58,2004,2004-12-31,0,0
58,2005,2005-12-31,0,0
60,1995,1995-12-31,0,0
60,1996,1996-12-31,0,0
60,1997,1997-12-31,0,0
60,1998,1998-12-31,0,0
60,1999,1999-12-31,0,0
60,2000,2000-12-31,0,0
60,2001,2001-12-31,0,0
60,2002,2002-12-31,0,0
60,2003,2003-12-31,0,0
60,2004,2004-12-31,0,0
60,2005,2005-12-31,0,0
70,1995,1995-12-31,2.64388541741927,3.10401180983813
70,1996,1996-12-31,3.23773527471923,3.59496842859859
70,1997,1997-12-31,2.39825189292122,2.76619581335622
70,1998,1998-12-31,0.989545049400784,1.24246243390407
70,1999,1999-12-31,1.74961933157532,1.95147670533933
70,2000,2000-12-31,3.05812480123876,3.28316338881932
70,2001,2001-12-31,2.09595657385619,2.31227505054048
70,2002,2002-12-31,2.2747593173769,2.46197043014912
70,2003,2003-12-31,3.04402969252392,3.26438112746203
70,2004,2004-12-31,3.85324694115068,4.20578007764731
70,2005,2005-12-31,5.17453961805956,5.69251943884264
80,1995,1995-12-31,0,0.643199510286743
80,1996,1996-12-31,0,0.544170728680585
80,1997,1997-12-31,0,0.526245259235539
80,1998,1998-12-31,0,0.439001617380546
80,1999,1999-12-31,0,0.375090730216734
80,2000,2000-12-31,0,0.274282497426633
80,2001,2001-12-31,0,0.273193392776578
80,2002,2002-12-31,0,0.283094787281947
80,2003,2003-12-31,0,0.274621352433506
80,2004,2004-12-31,0,0.243378905506336
80,2005,2005-12-31,0,0.585668318973842
90,1995,1995-12-31,0,1.56277538566301
90,1996,1996-12-31,0,1.26927456606943
90,1997,1997-12-31,0,1.40851094510788
90,1998,1998-12-31,0,1.07631068040922
90,1999,1999-12-31,0,1.23526453358559
90,2000,2000-12-31,0,1.52140776017007
90,2001,2001-12-31,0,1.37728787354207
90,2002,2002-12-31,0,1.36703302810734
90,2003,2003-12-31,0,1.47943594548906
90,2004,2004-12-31,0,1.41290433587675
90,2005,2005-12-31,0,1.49539531938838
91,1995,1995-12-31,0,3.39644990674435
91,1996,1996-12-31,0,2.64059038275705
91,1997,1997-12-31,0,3.23988136092518
91,1998,1998-12-31,0,2.39164194078795
91,1999,1999-12-31,0,2.17760879829171
91,2000,2000-12-31,0,1.51901316526272
91,2001,2001-12-31,0,1.39053328049514
91,2002,2002-12-31,0,1.39846253101514
91,2003,2003-12-31,0,1.3615575731597
91,2004,2004-12-31,0,1.39039132606459
91,2005,2005-12-31,0,1.46387087486013
92,1995,1995-12-31,0,0.731778987838986
92,1996,1996-12-31,0,0.473532424929562
92,1997,1997-12-31,0,0.750660422698462
92,1998,1998-12-31,0,0.594808299100426
92,1999,1999-12-31,0,0.501911057333967
92,2000,2000-12-31,0,0.446016103772736
92,2001,2001-12-31,0,0.431971622310913
92,2002,2002-12-31,0,0.403807839443547
92,2003,2003-12-31,0,0.391696694902721
92,2004,2004-12-31,0,0.374056154372987
92,2005,2005-12-31,0,0.348752887479829
93,1995,1995-12-31,0,2.02235910303165
93,1996,1996-12-31,0,1.56470814076789
93,1997,1997-12-31,0,1.89619273195407
93,1998,1998-12-31,0,1.5745343497588
93,1999,1999-12-31,0,1.32098171948114
93,2000,2000-12-31,0,1.21635629577403
93,2001,2001-12-31,0,1.14731828121699
93,2002,2002-12-31,0,1.13921468550626
93,2003,2003-12-31,0,1.26784078159049
93,2004,2004-12-31,0,1.27899480927371
93,2005,2005-12-31,0,1.1649805178258
94,1995,1995-12-31,0,2.90238821278651
94,1996,1996-12-31,0,2.57163669594192
94,1997,1997-12-31,0,2.28807060203043
94,1998,1998-12-31,0,1.52019155273444
94,1999,1999-12-31,0,1.15733622414767
94,2000,2000-12-31,0,1.01811708937908
94,2001,2001-12-31,0,1.05486794383811
94,2002,2002-12-31,0,0.95407919033627
94,2003,2003-12-31,0,0.98550414745174
94,2004,2004-12-31,0,0.939443757325438
94,2005,2005-12-31,0,0.971859156880029
95,1995,1995-12-31,0,0.243858603691705
95,1996,1996-12-31,0,0.174362000957134
95,1997,1997-12-31,0,0.199540341720933
95,1998,1998-12-31,0,0.141024567394413
95,1999,1999-12-31,0,0.11957564610872
95,2000,2000-12-31,0,0.114885701595404
95,2001,2001-12-31,0,0.116753021247285
95,2002,2002-12-31,0,0.12258070013524
95,2003,2003-12-31,0,0.140066650582818
95,2004,2004-12-31,0,0.135706246621402
95,2005,2005-12-31,0,0.0972191934056164
100,1995,1995-12-31,0,2.38881592291395
100,1996,1996-12-31,0,3.09221972557204
100,1997,1997-12-31,0,2.52814060557064
100,1998,1998-12-31,0,1.41108099279973
100,1999,1999-12-31,0,3.40071334594154
100,2000,2000-12-31,0,5.08084872077337
100,2001,2001-12-31,0,3.31797793461405
100,2002,2002-12-31,0,3.41014914138556
100,2003,2003-12-31,0,4.19563685439154
100,2004,2004-12-31,0,5.67189093383375
100,2005,2005-12-31,0,6.09577225370065
101,1995,1995-12-31,11.4604360039882,12.0195803065562
101,1996,1996-12-31,18.1727681625307,19.0239654856593
101,1997,1997-12-31,13.5691781040273,14.3026663943947
101,1998,1998-12-31,5.3027223260555,5.95836504879856
101,1999,1999-12-31,9.5617745767934,10.0354243412587
101,2000,2000-12-31,17.7260576267939,18.3712219180643
101,2001,2001-12-31,11.5331639747107,12.2280103819194
101,2002,2002-12-31,14.2444774352273,15.1735887582574
101,2003,2003-12-31,18.0453211444821,19.1872851904558
101,2004,2004-12-31,20.4321248059042,21.8077153868883
101,2005,2005-12-31,23.8102650842349,25.4143557154503
110,1995,1995-12-31,0,24.9369448874061
110,1996,1996-12-31,0,21.7727675175004
110,1997,1997-12-31,0,20.8988384044594
110,1998,1998-12-31,0,16.5871489002432
110,1999,1999-12-31,0,15.7237765056992
110,2000,2000-12-31,0,12.5478741128795
110,2001,2001-12-31,0,12.4673845131097
110,2002,2002-12-31,0,10.5108057362576
110,2003,2003-12-31,0,12.0090739204597
110,2004,2004-12-31,0,13.9507082540651
110,2005,2005-12-31,0,15.238530385223
115,1995,1995-12-31,3.32324210556045,7.91330343273594
115,1996,1996-12-31,3.84495882123754,9.63037213086282
115,1997,1997-12-31,3.69183260213879,8.41278350498362
115,1998,1998-12-31,1.68306846484474,6.06108317905557
115,1999,1999-12-31,4.40015560157836,7.93261381129844
115,2000,2000-12-31,9.06658943051748,13.0545527670071
115,2001,2001-12-31,7.85977114480819,13.7413893614138
115,2002,2002-12-31,5.77123359712406,8.58441715903392
115,2003,2003-12-31,5.62657841649888,7.6475162382866
115,2004,2004-12-31,6.25612002030873,9.27863293186731
115,2005,2005-12-31,8.48330608795465,12.3114726555855
130,1995,1995-12-31,5.12034326770606,6.30378105374934
130,1996,1996-12-31,6.57125041465221,7.70879702568284
130,1997,1997-12-31,5.01181178017482,5.9590442804649
130,1998,1998-12-31,2.06583119882445,2.90230892212377
130,1999,1999-12-31,6.2328781951682,6.58126005447269
130,2000,2000-12-31,14.2089472072279,14.5628463720254
130,2001,2001-12-31,7.70387222387271,7.99775329836832
130,2002,2002-12-31,6.91133982201089,7.16823216289269
130,2003,2003-12-31,7.86685787839947,8.1255223725484
130,2004,2004-12-31,11.8737186054061,12.1369404364801
130,2005,2005-12-31,16.2731259891192,16.5310463978261
135,1995,1995-12-31,0,1.94740584221385
135,1996,1996-12-31,0,1.67326087987334
135,1997,1997-12-31,0,1.79026847619393
135,1998,1998-12-31,0,0.695440425360533
135,1999,1999-12-31,0,1.08502321986647
135,2000,2000-12-31,0,1.89927441688236
135,2001,2001-12-31,0,1.1869986172781
135,2002,2002-12-31,0,1.19230484520941
135,2003,2003-12-31,0,1.49028177151886
135,2004,2004-12-31,0,3.54931177396816
135,2005,2005-12-31,0,5.67283346540316
140,1995,1995-12-31,0,1.18545145726015
140,1996,1996-12-31,0,1.19522773773757
140,1997,1997-12-31,0,1.13401891994497
140,1998,1998-12-31,0,1.13582398127223
140,1999,1999-12-31,0,1.8947419508613
140,2000,2000-12-31,0,2.45233534026124
140,2001,2001-12-31,0,2.47339202607339
140,2002,2002-12-31,0,3.12956849728503
140,2003,2003-12-31,0,3.47402056167559
140,2004,2004-12-31,0,3.69882301482821
140,2005,2005-12-31,0,4.75125966727136
145,1995,1995-12-31,1.47457719707788,2.79829175391018
145,1996,1996-12-31,2.01119637165275,3.28771866994087
145,1997,1997-12-31,1.48810542720009,3.00527645277313
145,1998,1998-12-31,0.682877501732518,1.51330089873655
145,1999,1999-12-31,1.27646044545575,1.94622019362254
145,2000,2000-12-31,2.47326964350119,3.61321409038131
145,2001,2001-12-31,2.03073282167579,3.49908677007417
145,2002,2002-12-31,2.30390129429737,3.90500952290063
145,2003,2003-12-31,2.96985999680701,4.88287213259387
145,2004,2004-12-31,4.36275706834052,7.54705705471357
145,2005,2005-12-31,6.73558521633143,12.2850069581281
150,1995,1995-12-31,0,2.63965825040515
150,1996,1996-12-31,0,2.22608402333079
150,1997,1997-12-31,0,2.01417233718201
150,1998,1998-12-31,0,1.95006098759305
150,1999,1999-12-31,0,1.85123648304016
150,2000,2000-12-31,0,1.57522008745842
150,2001,2001-12-31,0,1.78237808694576
150,2002,2002-12-31,0,2.34367741676324
150,2003,2003-12-31,0,2.49896555994851
150,2004,2004-12-31,0,1.96426520761176
150,2005,2005-12-31,0,1.92409883732532
155,1995,1995-12-31,0,8.24059210224731
155,1996,1996-12-31,0,6.75107143257494
155,1997,1997-12-31,0,6.71603068897997
155,1998,1998-12-31,0,4.91484590134325
155,1999,1999-12-31,0,5.83907925652065
155,2000,2000-12-31,0,6.94239484427896
155,2001,2001-12-31,0,6.51331103559671
155,2002,2002-12-31,0,6.58700788533783
155,2003,2003-12-31,0,7.41062722752595
155,2004,2004-12-31,0,11.9014993395808
155,2005,2005-12-31,0,13.173858939455
160,1995,1995-12-31,0,1.06496747945314
160,1996,1996-12-31,0,1.44677018328137
160,1997,1997-12-31,0,1.23039681761709
160,1998,1998-12-31,0,0.629029102339519
160,1999,1999-12-31,0,1.12552802221856
160,2000,2000-12-31,0,2.10066834735884
160,2001,2001-12-31,0,1.70090880097113
160,2002,2002-12-31,0,4.82861423618247
160,2003,2003-12-31,0,4.27993910386693
160,2004,2004-12-31,0,4.46614087285224
160,2005,2005-12-31,0,5.44464404624284
165,1995,1995-12-31,0,0.448525662549415
165,1996,1996-12-31,0,0.381451081174631
165,1997,1997-12-31,0,0.382822822530907
165,1998,1998-12-31,0,0.321854470200898
165,1999,1999-12-31,0,0.286900419979631
165,2000,2000-12-31,0,0.175880363125626
165,2001,2001-12-31,0,0.210794259615343
165,2002,2002-12-31,0,0.452691168798753
165,2003,2003-12-31,0,0.627569045606787
165,2004,2004-12-31,0,0.759726521999568
165,2005,2005-12-31,0,0.756702954153863
200,1995,1995-12-31,0,0.594257914749088
200,1996,1996-12-31,0,0.774295306582087
200,1997,1997-12-31,0,0.575742012536546
200,1998,1998-12-31,0,0.161083203566567
200,1999,1999-12-31,0,0.449605636186484
200,2000,2000-12-31,0,1.04241108013764
200,2001,2001-12-31,0,0.935442020446051
200,2002,2002-12-31,0,0.804332979178782
200,2003,2003-12-31,0,0.764664213344385
200,2004,2004-12-31,0,0.738947654655624
200,2005,2005-12-31,0,0.916854558644356
205,1995,1995-12-31,0,0.123174701201098
205,1996,1996-12-31,0,0.135076996739183
205,1997,1997-12-31,0,0.0996786261348685
205,1998,1998-12-31,0,0.0531882618161672
205,1999,1999-12-31,0,0.0405813831683319
205,2000,2000-12-31,0,0.0610468330078403
205,2001,2001-12-31,0,0.0597753616668219
205,2002,2002-12-31,0,0.0498951637158103
205,2003,2003-12-31,0,0.0373820555334955
205,2004,2004-12-31,0,0.040329531126919
205,2005,2005-12-31,0,0.0379658023442259
210,1995,1995-12-31,0,0.373372836771373
210,1996,1996-12-31,0,0.491823210151777
210,1997,1997-12-31,0,0.461319119537301
210,1998,1998-12-31,0,0.199041879140025
210,1999,1999-12-31,0,0.167761872091953
210,2000,2000-12-31,0,0.499582349695375
210,2001,2001-12-31,0,0.857785086022816
210,2002,2002-12-31,0,0.603330586974793
210,2003,2003-12-31,0,0.529948262272773
210,2004,2004-12-31,0,0.498626927683673
210,2005,2005-12-31,0,0.590086881408832
211,1995,1995-12-31,0,0.0209834005947112
211,1996,1996-12-31,0,0.0224033151702809
211,1997,1997-12-31,0,0.0201796731898538
211,1998,1998-12-31,0,0.0231575789986101
211,1999,1999-12-31,0,0.022599240701163
211,2000,2000-12-31,0,0.0245084472412423
211,2001,2001-12-31,0,0.0209002976583255
211,2002,2002-12-31,0,0.0235961302534138
211,2003,2003-12-31,0,0.0216301968168661
211,2004,2004-12-31,0,0.0157829963811928
211,2005,2005-12-31,0,0.0155990067054867
212,1995,1995-12-31,0,0.0182699497292782
212,1996,1996-12-31,0,0.0187034393922231
212,1997,1997-12-31,0,0.0164389040117392
212,1998,1998-12-31,0,0.0181717345100995
212,1999,1999-12-31,0,0.0178365977093899
212,2000,2000-12-31,0,0.0194528466667638
212,2001,2001-12-31,0,0.0196635716049794
212,2002,2002-12-31,0,0.0183721341216166
212,2003,2003-12-31,0,0.0152791540239236
212,2004,2004-12-31,0,0.0126306383687168
212,2005,2005-12-31,0,0.00967305416289413
220,1995,1995-12-31,0,0.0651379793809242
220,1996,1996-12-31,0,0.066880929509222
220,1997,1997-12-31,0,0.0585602762625608
220,1998,1998-12-31,0,0.0433874844752265
220,1999,1999-12-31,0,0.0436156115497778
220,2000,2000-12-31,0,0.0678507684004491
220,2001,2001-12-31,0,0.0607076910739062
220,2002,2002-12-31,0,0.0546992365750252
220,2003,2003-12-31,0,0.0491105107483613
220,2004,2004-12-31,0,0.0390800846374232
220,2005,2005-12-31,0,0.0430563241548697
221,1995,1995-12-31,0,0
221,1996,1996-12-31,0,0
221,1997,1997-12-31,0,0
221,1998,1998-12-31,0,0
221,1999,1999-12-31,0,0
221,2000,2000-12-31,0,0
221,2001,2001-12-31,0,0
221,2002,2002-12-31,0,0
221,2003,2003-12-31,0,0
221,2004,2004-12-31,0,0
221,2005,2005-12-31,0,0
223,1995,1995-12-31,0,0.0101763035985898
223,1996,1996-12-31,0,0.00727531598368538
223,1997,1997-12-31,0,0.0065714066909647
223,1998,1998-12-31,0,0.00569133630692788
223,1999,1999-12-31,0,0.00200898229440723
223,2000,2000-12-31,0,0.00936390166792349
223,2001,2001-12-31,0,0.00843356599879145
223,2002,2002-12-31,0,0.00940294319737295
223,2003,2003-12-31,0,0.00882996396737061
223,2004,2004-12-31,0,0.00679943921552086
223,2005,2005-12-31,0,0.00660135333575374
225,1995,1995-12-31,0,0.0199714788247529
225,1996,1996-12-31,0,0.0189948548158158
225,1997,1997-12-31,0,0.0200597763899646
225,1998,1998-12-31,0,0.0181118316985342
225,1999,1999-12-31,0,0.0174813344125126
225,2000,2000-12-31,0,0.0348817853474893
225,2001,2001-12-31,0,0.0205992531287814
225,2002,2002-12-31,0,0.0179621028256401
225,2003,2003-12-31,0,0.018475550011695
225,2004,2004-12-31,0,0.01413966221825
225,2005,2005-12-31,0,0.0146610565467253
230,1995,1995-12-31,0,0.0590350572360205
230,1996,1996-12-31,0,0.0543040699079837
230,1997,1997-12-31,0,0.045648354304803
230,1998,1998-12-31,0,0.0379816400474481
230,1999,1999-12-31,0,0.0351372134369177
230,2000,2000-12-31,0,0.0430596434787232
230,2001,2001-12-31,0,0.0553600424490984
230,2002,2002-12-31,0,0.0448267035741682
230,2003,2003-12-31,0,0.0376493646354322
230,2004,2004-12-31,0,0.048327306500799
230,2005,2005-12-31,0,0.0402819490495665
232,1995,1995-12-31,0,0
232,1996,1996-12-31,0,0
232,1997,1997-12-31,0,0
232,1998,1998-12-31,0,0
232,1999,1999-12-31,0,0
232,2000,2000-12-31,0,0
232,2001,2001-12-31,0,0
232,2002,2002-12-31,0,0
232,2003,2003-12-31,0,0
232,2004,2004-12-31,0,0
232,2005,2005-12-31,0,0
235,1995,1995-12-31,0,0.209902269759024
235,1996,1996-12-31,0,0.14304875199563
235,1997,1997-12-31,0,0.124713357530218
235,1998,1998-12-31,0,0.10586767411226
235,1999,1999-12-31,0,0.105383433213461
235,2000,2000-12-31,0,0.149322662776542
235,2001,2001-12-31,0,0.114785258346042
235,2002,2002-12-31,0,0.114250496284715
235,2003,2003-12-31,0,0.112077880767145
235,2004,2004-12-31,0,0.121488720190233
235,2005,2005-12-31,0,0.150145034655981
260,1995,1995-12-31,0,0.0655537663806614
260,1996,1996-12-31,0,0.070455822949348
260,1997,1997-12-31,0,0.0670551777781347
260,1998,1998-12-31,0,0.0512715411468574
260,1999,1999-12-31,0,0.0460699580845263
260,2000,2000-12-31,0,0.0960112073474939
260,2001,2001-12-31,0,0.126087070111678
260,2002,2002-12-31,0,0.0979191534253369
260,2003,2003-12-31,0,0.0943076562354638
260,2004,2004-12-31,0,0.13841357865853
260,2005,2005-12-31,0,0.146946561347963
290,1995,1995-12-31,0,1.13279422378785
290,1996,1996-12-31,0,0.855663245220987
290,1997,1997-12-31,0,0.800713192633795
290,1998,1998-12-31,0,0.490628969924985
290,1999,1999-12-31,0,0.427114391360925
290,2000,2000-12-31,0,0.641219758000337
290,2001,2001-12-31,0,0.873853151172788
290,2002,2002-12-31,0,0.601716869899525
290,2003,2003-12-31,0,0.657764627075562
290,2004,2004-12-31,0,1.55167244150019
290,2005,2005-12-31,0,1.3758683063912
305,1995,1995-12-31,0,0.11677749512615
305,1996,1996-12-31,0,0.141014906923894
305,1997,1997-12-31,0,0.127476795819597
305,1998,1998-12-31,0,0.0870630241567842
305,1999,1999-12-31,0,0.0927091170493943
305,2000,2000-12-31,0,0.150903763681648
305,2001,2001-12-31,0,0.156366055349817
305,2002,2002-12-31,0,0.157369736847701
305,2003,2003-12-31,0,0.155301071823875
305,2004,2004-12-31,0,0.13152976680233
305,2005,2005-12-31,0,0.164839770879922
310,1995,1995-12-31,0,0.585333847310982
310,1996,1996-12-31,0,0.615076046172019
310,1997,1997-12-31,0,0.530771349314115
310,1998,1998-12-31,0,0.264771453553236
310,1999,1999-12-31,0,0.355325009707545
310,2000,2000-12-31,0,0.676486564569148
310,2001,2001-12-31,0,0.664572865830987
310,2002,2002-12-31,0,0.428222955033309
310,2003,2003-12-31,0,0.404508054025876
310,2004,2004-12-31,0,0.437130605355414
310,2005,2005-12-31,0,0.454541625532941
316,1995,1995-12-31,0,0.71102975410735
316,1996,1996-12-31,0,0.660175605817405
316,1997,1997-12-31,0,0.630410072143905
316,1998,1998-12-31,0,0.49296363520233
316,1999,1999-12-31,0,0.432882857846945
316,2000,2000-12-31,0,0.55551795784508
316,2001,2001-12-31,0,0.815830551890752
316,2002,2002-12-31,0,0.464876076836787
316,2003,2003-12-31,0,0.425625396088392
316,2004,2004-12-31,0,0.922438153195478
316,2005,2005-12-31,0,0.804718810529882
317,1995,1995-12-31,0,0.469075543140332
317,1996,1996-12-31,0,0.471450279823253
317,1997,1997-12-31,0,0.365223962329009
317,1998,1998-12-31,0,0.316693829212303
317,1999,1999-12-31,0,0.341184911723446
317,2000,2000-12-31,0,0.388187949930518
317,2001,2001-12-31,0,0.355737878616072
317,2002,2002-12-31,0,0.252770759724193
317,2003,2003-12-31,0,0.259524826356378
317,2004,2004-12-31,0,0.301916964644478
317,2005,2005-12-31,0,0.333292147641058
325,1995,1995-12-31,0,0.0671886230499534
325,1996,1996-12-31,0,0.0745525577139926
325,1997,1997-12-31,0,0.0703315590157002
325,1998,1998-12-31,0,0.0303329132666402
325,1999,1999-12-31,0,0.0409691799490034
325,2000,2000-12-31,0,0.0951004732997589
325,2001,2001-12-31,0,0.100684187830747
325,2002,2002-12-31,0,0.0888669240190395
325,2003,2003-12-31,0,0.0808866219152399
325,2004,2004-12-31,0,0.0766791896480741
325,2005,2005-12-31,0,0.114798980163929
331,1995,1995-12-31,0,0
331,1996,1996-12-31,0,0
331,1997,1997-12-31,0,0
331,1998,1998-12-31,0,0
331,1999,1999-12-31,0,0
331,2000,2000-12-31,0,0
331,2001,2001-12-31,0,0
331,2002,2002-12-31,0,0
331,2003,2003-12-31,0,0
331,2004,2004-12-31,0,0
331,2005,2005-12-31,0,0
338,1995,1995-12-31,0,0
338,1996,1996-12-31,0,0
338,1997,1997-12-31,0,0
338,1998,1998-12-31,0,0
338,1999,1999-12-31,0,0
338,2000,2000-12-31,0,0
338,2001,2001-12-31,0,0
338,2002,2002-12-31,0,0
338,2003,2003-12-31,0,0
338,2004,2004-12-31,0,0
338,2005,2005-12-31,0,0
339,1995,1995-12-31,0,1.29473224472839
339,1996,1996-12-31,0,1.25822509514231
339,1997,1997-12-31,0,1.29698575589954
339,1998,1998-12-31,0,0.260727823700477
339,1999,1999-12-31,0,0.506338332034647
339,2000,2000-12-31,0,1.04835559731474
339,2001,2001-12-31,0,0.689296209772892
339,2002,2002-12-31,0,0.725211853712081
339,2003,2003-12-31,0,0.716866948270773
339,2004,2004-12-31,0,0.569573656768942
339,2005,2005-12-31,0,0.957746591359024
343,1995,1995-12-31,0,0.734428307585984
343,1996,1996-12-31,0,0.604317525046963
343,1997,1997-12-31,0,0.801939297734744
343,1998,1998-12-31,0,0.360725992167668
343,1999,1999-12-31,0,0.347650014062336
343,2000,2000-12-31,0,0.581419134043627
343,2001,2001-12-31,0,0.919859673393616
343,2002,2002-12-31,0,0.571721420245056
343,2003,2003-12-31,0,0.872829293295913
343,2004,2004-12-31,0,2.30696148017638
343,2005,2005-12-31,0,2.06805795860448
344,1995,1995-12-31,0,0.729973829931452
344,1996,1996-12-31,0,0.800232136511909
344,1997,1997-12-31,0,0.694445876025191
344,1998,1998-12-31,0,0.338636268014325
344,1999,1999-12-31,0,0.54720215462252
344,2000,2000-12-31,0,0.951590887214013
344,2001,2001-12-31,0,0.799631049850336
344,2002,2002-12-31,0,0.693661429250884
344,2003,2003-12-31,0,0.630583288554932
344,2004,2004-12-31,0,0.575601209968474
344,2005,2005-12-31,0,0.670679792932964
345,1995,1995-12-31,0,0
345,1996,1996-12-31,0,0
345,1997,1997-12-31,0,0
345,1998,1998-12-31,0,0
345,1999,1999-12-31,0,0
345,2000,2000-12-31,0,0
345,2001,2001-12-31,0,0
345,2002,2002-12-31,0,0
345,2003,2003-12-31,0,0
345,2004,2004-12-31,0,0
345,2005,2005-12-31,0,0
346,1995,1995-12-31,0,0.1567740577392
346,1996,1996-12-31,0,0.0710468450456225
346,1997,1997-12-31,0,1.8925238739244299
346,1998,1998-12-31,0,1.49376940341228
346,1999,1999-12-31,0,1.33537090522102
346,2000,2000-12-31,0,1.23140277816904
346,2001,2001-12-31,0,1.38972384425274
346,2002,2002-12-31,0,0.888832185933717
346,2003,2003-12-31,0,0.883394016832772
346,2004,2004-12-31,0,1.79405097868979
346,2005,2005-12-31,0,2.0418382387119
349,1995,1995-12-31,0,0.193402455632609
349,1996,1996-12-31,0,0.19166243885244
349,1997,1997-12-31,0,0.18300309317554
349,1998,1998-12-31,0,0.135192689500251
349,1999,1999-12-31,0,0.1315553627719
349,2000,2000-12-31,0,0.166044606833309
349,2001,2001-12-31,0,0.206869084663194
349,2002,2002-12-31,0,0.137872331293638
349,2003,2003-12-31,0,0.147638948145421
349,2004,2004-12-31,0,0.242667350647825
349,2005,2005-12-31,0,0.190968680021737
350,1995,1995-12-31,0,0.0554260296126566
350,1996,1996-12-31,0,0.0603208538302462
350,1997,1997-12-31,0,0.039733558566714
350,1998,1998-12-31,0,0.0243678094533295
350,1999,1999-12-31,0,0.0180498462864008
350,2000,2000-12-31,0,0.0731306894082091
350,2001,2001-12-31,0,0.105775471039091
350,2002,2002-12-31,0,0.0443359833346757
350,2003,2003-12-31,0,0.0541254329070661
350,2004,2004-12-31,0,0.202243761189241
350,2005,2005-12-31,0,0.179477535131509
352,1995,1995-12-31,0,0.00782377851361649
352,1996,1996-12-31,0,0.022450823243503
352,1997,1997-12-31,0,0.0424306371702126
352,1998,1998-12-31,0,0.0193242644756465
352,1999,1999-12-31,0,0.0169274525446486
352,2000,2000-12-31,0,0.0290317820222683
352,2001,2001-12-31,0,0.0184419062183392
352,2002,2002-12-31,0,0.0117990890371919
352,2003,2003-12-31,0,0.00938971801148583
352,2004,2004-12-31,0,0.0113584709550126
352,2005,2005-12-31,0,7.19017004899974e-4
355,1995,1995-12-31,0,1.7430209999653
355,1996,1996-12-31,0,2.00876331482319
355,1997,1997-12-31,0,1.7135019531153
355,1998,1998-12-31,0,0.874123002803112
355,1999,1999-12-31,0,1.11928449770957
355,2000,2000-12-31,0,1.36322941270721
355,2001,2001-12-31,0,1.26421858200463
355,2002,2002-12-31,0,0.925540746855123
355,2003,2003-12-31,0,0.888668928609086
355,2004,2004-12-31,0,1.86493934869387
355,2005,2005-12-31,0,1.75338150048863
359,1995,1995-12-31,0,0.281276847821893
359,1996,1996-12-31,0,0.269726391212948
359,1997,1997-12-31,0,0.247777898341943
359,1998,1998-12-31,0,0.223446937117176
359,1999,1999-12-31,0,0.327999938647941
359,2000,2000-12-31,0,0.271924848500004
359,2001,2001-12-31,0,0.192152420048636
359,2002,2002-12-31,0,0.206552763471221
359,2003,2003-12-31,0,0.240047035057467
359,2004,2004-12-31,0,0.190760749189758
359,2005,2005-12-31,0,0.158728207872
360,1995,1995-12-31,0,2.76471444153853
360,1996,1996-12-31,0,3.21819536348967
360,1997,1997-12-31,0,2.78586891055855
360,1998,1998-12-31,0,1.02708990232661
360,1999,1999-12-31,0,1.81381612965386
360,2000,2000-12-31,0,3.60180377256656
360,2001,2001-12-31,0,3.61744208814209
360,2002,2002-12-31,0,2.78004776131298
360,2003,2003-12-31,0,2.49426531553278
360,2004,2004-12-31,0,2.49400027200422
360,2005,2005-12-31,0,2.35326447278817
365,1995,1995-12-31,4.06957300061413,7.8972477989092
365,1996,1996-12-31,5.57546886400765,9.83308502543879
365,1997,1997-12-31,4.3078314049311,8.19482293317056
365,1998,1998-12-31,1.34263197537884,4.50344188563089
365,1999,1999-12-31,7.53761168514959,11.4319484422385
365,2000,2000-12-31,14.254785575253,21.6557904998063
365,2001,2001-12-31,9.54517680876694,19.4405423927941
365,2002,2002-12-31,9.7008001944997,16.7576062588532
365,2003,2003-12-31,10.3026937486101,17.0510870867568
365,2004,2004-12-31,11.1716268622481,16.5944244153375
365,2005,2005-12-31,13.5524144823992,19.3537137038105
366,1995,1995-12-31,0,1.73272850566096
366,1996,1996-12-31,0,1.81369937688097
366,1997,1997-12-31,0,1.83856240493237
366,1998,1998-12-31,0,1.61428920967319
366,1999,1999-12-31,0,1.88226836043113
366,2000,2000-12-31,0,2.30797894841711
366,2001,2001-12-31,0,2.23658331478269
366,2002,2002-12-31,0,1.79973776789182
366,2003,2003-12-31,0,1.63111932745764
366,2004,2004-12-31,0,0.998448955191708
366,2005,2005-12-31,0,0.805109880353534
367,1995,1995-12-31,0,2.44213017473315
367,1996,1996-12-31,0,2.5380552694563
367,1997,1997-12-31,0,2.11909565181271
367,1998,1998-12-31,0,1.91901392143698
367,1999,1999-12-31,0,2.83064046931259
367,2000,2000-12-31,0,2.59921057404463
367,2001,2001-12-31,0,2.08383744294831
367,2002,2002-12-31,0,1.74180724535406
367,2003,2003-12-31,0,1.74958146697927
367,2004,2004-12-31,0,1.58559083329993
367,2005,2005-12-31,0,1.30760489212792
368,1995,1995-12-31,0,1.45399741897419
368,1996,1996-12-31,0,1.3755877904669
368,1997,1997-12-31,0,0.986973078898356
368,1998,1998-12-31,0,0.681807758088767
368,1999,1999-12-31,0,0.813492339791103
368,2000,2000-12-31,0,0.95764801478882
368,2001,2001-12-31,0,0.929479342282098
368,2002,2002-12-31,0,0.793379098371331
368,2003,2003-12-31,0,0.724411442772752
368,2004,2004-12-31,0,0.64564695903337
368,2005,2005-12-31,0,0.584875841831292
369,1995,1995-12-31,0,2.12985968812471
369,1996,1996-12-31,0,2.48878399703625
369,1997,1997-12-31,0,2.05969612252395
369,1998,1998-12-31,0,1.91033119042
369,1999,1999-12-31,0,2.07613488089667
369,2000,2000-12-31,0,4.40026044421613
369,2001,2001-12-31,0,5.34372281283265
369,2002,2002-12-31,0,3.94076266580852
369,2003,2003-12-31,0,3.81723510151018
369,2004,2004-12-31,0,4.49016177893683
369,2005,2005-12-31,0,6.57853753559824
370,1995,1995-12-31,0,2.24262397008051
370,1996,1996-12-31,0,3.2883627118611
370,1997,1997-12-31,0,3.1093889673664
370,1998,1998-12-31,0,0.721591843270936
370,1999,1999-12-31,0,1.62278876936447
370,2000,2000-12-31,0,2.47444586994703
370,2001,2001-12-31,0,2.09849456832554
370,2002,2002-12-31,0,1.79880221761611
370,2003,2003-12-31,0,1.76300725340717
370,2004,2004-12-31,0,1.80731607160845
370,2005,2005-12-31,0,1.83462977632151
371,1995,1995-12-31,0,0.731845512365389
371,1996,1996-12-31,0,0.51119204646018
371,1997,1997-12-31,0,0.551488161441709
371,1998,1998-12-31,0,0.160954535111708
371,1999,1999-12-31,0,0.141426530802422
371,2000,2000-12-31,0,0.363153248181289
371,2001,2001-12-31,0,0.296621494470449
371,2002,2002-12-31,0,0.460033866156778
371,2003,2003-12-31,0,0.520582253743589
371,2004,2004-12-31,0,0.973893202150097
371,2005,2005-12-31,0,0.901248506955712
372,1995,1995-12-31,0,0.375822280846548
372,1996,1996-12-31,0,0.359850163072884
372,1997,1997-12-31,0,0.401094808646199
372,1998,1998-12-31,0,0.209565507082875
372,1999,1999-12-31,0,0.420893790548183
372,2000,2000-12-31,0,0.72651977727703
372,2001,2001-12-31,0,0.759992959551073
372,2002,2002-12-31,0,0.595781065948104
372,2003,2003-12-31,0,1.00038514303798
372,2004,2004-12-31,0,0.998022182633391
372,2005,2005-12-31,0,1.03071210775327
373,1995,1995-12-31,13.4646433288474,17.3253750182108
373,1996,1996-12-31,17.8081988042539,22.3575445845942
373,1997,1997-12-31,15.1506990755605,18.3683295835148
373,1998,1998-12-31,3.00830585302988,4.32804421872143
373,1999,1999-12-31,14.6679932740424,15.8269846319652
373,2000,2000-12-31,32.3468815510034,35.2063265659256
373,2001,2001-12-31,22.8891899021097,27.5300367362563
373,2002,2002-12-31,22.4711356232666,25.3848305082266
373,2003,2003-12-31,24.3864669563398,27.2143025348361
373,2004,2004-12-31,26.8088921769981,29.128559141198
373,2005,2005-12-31,36.7850749278227,38.8728169598673
375,1995,1995-12-31,0,0.473569277915076
375,1996,1996-12-31,0,0.47019846217431
375,1997,1997-12-31,0,0.45104815111305
375,1998,1998-12-31,0,0.443352899531609
375,1999,1999-12-31,0,0.384775226705714
375,2000,2000-12-31,0,0.423763049538406
375,2001,2001-12-31,0,0.379491987580183
375,2002,2002-12-31,0,0.423236756260339
375,2003,2003-12-31,0,0.376865301383197
375,2004,2004-12-31,0,0.300475920639841
375,2005,2005-12-31,0,0.290806665054349
380,1995,1995-12-31,0,0.379705908720367
380,1996,1996-12-31,0,0.318907895819457
380,1997,1997-12-31,0,0.313863232609671
380,1998,1998-12-31,0,0.285131710554735
380,1999,1999-12-31,0,0.232161681096039
380,2000,2000-12-31,0,0.263667368906467
380,2001,2001-12-31,0,0.272622999585532
380,2002,2002-12-31,0,0.312530215237314
380,2003,2003-12-31,0,0.269401609441995
380,2004,2004-12-31,0,0.238163015887629
380,2005,2005-12-31,0,0.501053363616841
385,1995,1995-12-31,4.48092769557628,4.93588236694804
385,1996,1996-12-31,6.48286125058122,7.10412792292255
385,1997,1997-12-31,5.17669445054045,5.86935833098782
385,1998,1998-12-31,1.09214415213642,1.48736727964323
385,1999,1999-12-31,4.41033375017475,4.75294094834521
385,2000,2000-12-31,10.5637840781979,11.4614903663496
385,2001,2001-12-31,7.72582567784019,9.36575319947072
385,2002,2002-12-31,7.13586909152281,8.48720311836752
385,2003,2003-12-31,7.08160587036391,8.49374739179436
385,2004,2004-12-31,8.2810515919459,9.48806200123496
385,2005,2005-12-31,9.8214073893474,11.3267318821099
390,1995,1995-12-31,0,0.328435697943032
390,1996,1996-12-31,0,0.481824328010834
390,1997,1997-12-31,0,0.47944085665422
390,1998,1998-12-31,0,0.135050952208394
390,1999,1999-12-31,0,0.456426185114948
390,2000,2000-12-31,0,1.42745548062273
390,2001,2001-12-31,0,1.15804799163303
390,2002,2002-12-31,0,1.13176557681124
390,2003,2003-12-31,0,1.09391318417852
390,2004,2004-12-31,0,1.32081312302985
390,2005,2005-12-31,0,1.85504961094048
395,1995,1995-12-31,0,0
395,1996,1996-12-31,0,0
395,1997,1997-12-31,0,0
395,1998,1998-12-31,0,0
395,1999,1999-12-31,0,0
395,2000,2000-12-31,0,0
395,2001,2001-12-31,0,0
395,2002,2002-12-31,0,0
395,2003,2003-12-31,0,0
395,2004,2004-12-31,0,0
395,2005,2005-12-31,0,0
402,1995,1995-12-31,0,0.691968150893224
402,1996,1996-12-31,0,0.699582406537218
402,1997,1997-12-31,0,0.695863672711034
402,1998,1998-12-31,0,0.706620846885774
402,1999,1999-12-31,0,0.367855417143431
402,2000,2000-12-31,0,0.414263908118984
402,2001,2001-12-31,0,0.396626069281858
402,2002,2002-12-31,0,0.447182204901741
402,2003,2003-12-31,0,0.61583544304243
402,2004,2004-12-31,0,0.513253874368776
402,2005,2005-12-31,0,0.496661144848048
403,1995,1995-12-31,0,NA
403,1996,1996-12-31,0,NA
403,1997,1997-12-31,0,NA
403,1998,1998-12-31,0,NA
403,1999,1999-12-31,0,NA
403,2000,2000-12-31,0,NA
403,2001,2001-12-31,0,3.11807145059743
403,2002,2002-12-31,0,3.37497464637381
403,2003,2003-12-31,0,4.24756178705447
403,2004,2004-12-31,0,3.32862262383349
403,2005,2005-12-31,0,2.93248183879003
404,1995,1995-12-31,0,26.0617401590656
404,1996,1996-12-31,0,24.1708589693795
404,1997,1997-12-31,0,22.8740528729778
404,1998,1998-12-31,0,31.590784703706
404,1999,1999-12-31,0,19.2640287867524
404,2000,2000-12-31,0,11.882144081331
404,2001,2001-12-31,0,11.0012689144556
404,2002,2002-12-31,0,12.5996165255246
404,2003,2003-12-31,0,17.8737668444911
404,2004,2004-12-31,0,14.1630297024053
404,2005,2005-12-31,0,13.2482924311569
411,1995,1995-12-31,19.2265399472678,51.1898676908941
411,1996,1996-12-31,36.7915865282367,58.6599499194511
411,1997,1997-12-31,59.3139450389649,74.1373133661408
411,1998,1998-12-31,45.7163285715012,57.0151753247333
411,1999,1999-12-31,62.7744736496256,73.3577980032103
411,2000,2000-12-31,83.5086312941718,89.1661118512308
411,2001,2001-12-31,NA,NA
411,2002,2002-12-31,NA,NA
411,2003,2003-12-31,NA,NA
411,2004,2004-12-31,NA,NA
411,2005,2005-12-31,58.4353015167548,59.5425603373327
420,1995,1995-12-31,0,3.0369799070949
420,1996,1996-12-31,0,2.69758762293065
420,1997,1997-12-31,0,2.60913573488846
420,1998,1998-12-31,0,2.54495889238491
420,1999,1999-12-31,0,2.00023677956076
420,2000,2000-12-31,0,2.2541862277681
420,2001,2001-12-31,0,2.47312083593296
420,2002,2002-12-31,0,3.52565534366854
420,2003,2003-12-31,0,6.12842064454914
420,2004,2004-12-31,0,4.24257421834544
420,2005,2005-12-31,0,4.27463411127909
432,1995,1995-12-31,0,6.38320633716965
432,1996,1996-12-31,0,5.99814827068565
432,1997,1997-12-31,0,6.08478633693921
432,1998,1998-12-31,0,5.44135921881094
432,1999,1999-12-31,0,2.99560294989303
432,2000,2000-12-31,0,3.59315590722531
432,2001,2001-12-31,0,3.10458872442363
432,2002,2002-12-31,0,5.30946174259928
432,2003,2003-12-31,0,6.77116152354148
432,2004,2004-12-31,0,5.59414280101273
432,2005,2005-12-31,0,5.97160832806044
433,1995,1995-12-31,0,4.12069859823195
433,1996,1996-12-31,0,3.90508739932508
433,1997,1997-12-31,0,3.95357813081436
433,1998,1998-12-31,0,3.86972074258333
433,1999,1999-12-31,0,2.8413247818198
433,2000,2000-12-31,0,3.1093373537548
433,2001,2001-12-31,0,2.85253071443844
433,2002,2002-12-31,0,3.06893773617046
433,2003,2003-12-31,0,3.44352695933179
433,2004,2004-12-31,0,2.44980126951139
433,2005,2005-12-31,0,2.42558699223608
434,1995,1995-12-31,0,9.00138801084437
434,1996,1996-12-31,0,8.24671824726975
434,1997,1997-12-31,0,7.9628588637132
434,1998,1998-12-31,0,7.48092025161503
434,1999,1999-12-31,0,4.30206436400355
434,2000,2000-12-31,0,4.46627499066263
434,2001,2001-12-31,0,4.20523576212468
434,2002,2002-12-31,0,4.5202657790681
434,2003,2003-12-31,0,5.6741313428049
434,2004,2004-12-31,0,4.28228489520409
434,2005,2005-12-31,0,4.15270438952078
435,1995,1995-12-31,0,7.30085230858953
435,1996,1996-12-31,0,8.33105498274785
435,1997,1997-12-31,0,9.15408565404723
435,1998,1998-12-31,0,14.2604932478793
435,1999,1999-12-31,0,9.59652984992956
435,2000,2000-12-31,0,12.4827645349454
435,2001,2001-12-31,0,12.9410439595457
435,2002,2002-12-31,0,11.8645043380961
435,2003,2003-12-31,0,13.0650504744085
435,2004,2004-12-31,0,14.0808203818355
435,2005,2005-12-31,0,25.9498377565171
436,1995,1995-12-31,0,11.9179486088402
436,1996,1996-12-31,0,11.4489615420859
436,1997,1997-12-31,0,11.8327084148703
436,1998,1998-12-31,0,11.0664405046757
436,1999,1999-12-31,0,7.38544075958968
436,2000,2000-12-31,0,9.09147304609936
436,2001,2001-12-31,0,8.29452048096292
436,2002,2002-12-31,0,9.0019353629534
436,2003,2003-12-31,0,11.5635876111717
436,2004,2004-12-31,0,9.44875757886128
436,2005,2005-12-31,0,9.62659844584651
437,1995,1995-12-31,0,5.082443004306
437,1996,1996-12-31,0,4.69661466264784
437,1997,1997-12-31,0,4.312470593916
437,1998,1998-12-31,0,3.79484211478474
437,1999,1999-12-31,0,3.33615014887124
437,2000,2000-12-31,0,4.28696310602278
437,2001,2001-12-31,0,3.28556875423708
437,2002,2002-12-31,0,3.451776782726
437,2003,2003-12-31,0,3.61238321823441
437,2004,2004-12-31,0,3.59583342858523
437,2005,2005-12-31,0,5.47131427199125
438,1995,1995-12-31,0,15.0846632596259
438,1996,1996-12-31,0,15.5956727167961
438,1997,1997-12-31,0,11.9004100144981
438,1998,1998-12-31,0,12.155209256763
438,1999,1999-12-31,0,10.7642459702568
438,2000,2000-12-31,0,12.9858284529043
438,2001,2001-12-31,0,13.5442353397378
438,2002,2002-12-31,0,13.846179492697
438,2003,2003-12-31,0,16.2930628407839
438,2004,2004-12-31,0,15.1648738522617
438,2005,2005-12-31,0,23.1408678065668
439,1995,1995-12-31,0,13.8847137392859
439,1996,1996-12-31,0,12.7860315859786
439,1997,1997-12-31,0,12.7091376702221
439,1998,1998-12-31,0,11.625200106477
439,1999,1999-12-31,0,5.21044035154499
439,2000,2000-12-31,0,5.98008189090559
439,2001,2001-12-31,0,5.37352342985946
439,2002,2002-12-31,0,6.41419295773737
439,2003,2003-12-31,0,7.33597196548946
439,2004,2004-12-31,0,6.18719543141915
439,2005,2005-12-31,0,7.15351519452646
450,1995,1995-12-31,0,80.6315306927505
450,1996,1996-12-31,0,68.8148933728516
450,1997,1997-12-31,0,39.6850216375114
450,1998,1998-12-31,0,34.2699293810935
450,1999,1999-12-31,0,23.4587016497283
450,2000,2000-12-31,0,29.4388124057591
450,2001,2001-12-31,0,29.7553335752179
450,2002,2002-12-31,0,40.4667655060504
450,2003,2003-12-31,0,61.5136547913875
450,2004,2004-12-31,0,37.4439344952556
450,2005,2005-12-31,0,34.2134209125499
451,1995,1995-12-31,0,15.8876053629262
451,1996,1996-12-31,0,14.607182355224
451,1997,1997-12-31,0,16.2226976847309
451,1998,1998-12-31,0,21.6561416926216
451,1999,1999-12-31,0,13.3667803755637
451,2000,2000-12-31,0,14.2544467277015
451,2001,2001-12-31,0,8.12280001867846
451,2002,2002-12-31,0,8.52191070319619
451,2003,2003-12-31,0,13.0138541160431
451,2004,2004-12-31,0,11.2435351300824
451,2005,2005-12-31,0,9.9411194935241909
452,1995,1995-12-31,0,12.3446210570871
452,1996,1996-12-31,0,11.8523465897273
452,1997,1997-12-31,0,10.5739525039938
452,1998,1998-12-31,0,10.2399556237705
452,1999,1999-12-31,0,6.30336641453343
452,2000,2000-12-31,0,9.82965171269379
452,2001,2001-12-31,0,9.49903071491875
452,2002,2002-12-31,0,10.7145292439537
452,2003,2003-12-31,0,15.7163801357603
452,2004,2004-12-31,0,12.8778463741017
452,2005,2005-12-31,0,11.5773057181016
461,1995,1995-12-31,0,12.6268567337795
461,1996,1996-12-31,0,11.2517302330568
461,1997,1997-12-31,0,10.6753886508266
461,1998,1998-12-31,0,10.7358224668118
461,1999,1999-12-31,0,7.23967914157369
461,2000,2000-12-31,0,8.71525122340668
461,2001,2001-12-31,0,7.70442623847581
461,2002,2002-12-31,0,8.1775667774341
461,2003,2003-12-31,0,11.762167870529
461,2004,2004-12-31,0,7.24520822345678
461,2005,2005-12-31,0,6.46495068550636
471,1995,1995-12-31,4.55558939024398,11.0459064019669
471,1996,1996-12-31,5.48139783059708,11.1331756106171
471,1997,1997-12-31,5.4068415627248,10.1102922783562
471,1998,1998-12-31,2.54309242089007,6.58563602391736
471,1999,1999-12-31,3.79212974940993,6.43906270250969
471,2000,2000-12-31,9.50553169402363,12.5328204876132
471,2001,2001-12-31,4.9604571458997,7.29956728612537
471,2002,2002-12-31,3.95233058087901,6.46312486647432
471,2003,2003-12-31,3.4144368895308,6.6646867086348
471,2004,2004-12-31,5.00603445588877,7.37688041955145
471,2005,2005-12-31,6.66708793833011,9.12382532252374
475,1995,1995-12-31,27.269575990177,35.4878085024486
475,1996,1996-12-31,30.8434026132315,37.4825249787629
475,1997,1997-12-31,28.2711994160745,34.4283204183145
475,1998,1998-12-31,13.8244433933573,20.8756481730499
475,1999,1999-12-31,22.4567267627359,27.0381607112169
475,2000,2000-12-31,34.3956545205022,38.1865258620818
475,2001,2001-12-31,27.4268257132195,31.4396199493055
475,2002,2002-12-31,18.4434611825338,21.873087164729
475,2003,2003-12-31,19.0724608293859,23.522287314586
475,2004,2004-12-31,24.8350561280085,27.8219878742124
475,2005,2005-12-31,30.196868855407,32.8614008729383
481,1995,1995-12-31,28.9836245030683,33.4804262693745
481,1996,1996-12-31,32.754473553782,36.4715744411337
481,1997,1997-12-31,30.8556289922445,34.835945585567
481,1998,1998-12-31,16.2271208310524,20.8849257838641
481,1999,1999-12-31,26.5829595266992,30.5600989322733
481,2000,2000-12-31,40.2509661569359,44.2805164673242
481,2001,2001-12-31,27.7422851490927,31.5922939207404
481,2002,2002-12-31,24.8929356212503,27.7491076901206
481,2003,2003-12-31,24.0483162938322,29.6167284433662
481,2004,2004-12-31,31.0524830035172,34.0431177969459
481,2005,2005-12-31,38.2739126170236,41.1927725417974
482,1995,1995-12-31,0,12.3941111816258
482,1996,1996-12-31,0,11.987772749519
482,1997,1997-12-31,0,13.1765941971058
482,1998,1998-12-31,0,13.5149044306809
482,1999,1999-12-31,0,9.60090835141596
482,2000,2000-12-31,0,11.1965747650474
482,2001,2001-12-31,0,10.7686925340656
482,2002,2002-12-31,0,11.3047373139235
482,2003,2003-12-31,0,11.7474819763308
482,2004,2004-12-31,0,8.20060004844657
482,2005,2005-12-31,0,8.42443846151058
483,1995,1995-12-31,NA,14.2163486573529
483,1996,1996-12-31,NA,12.7277173773474
483,1997,1997-12-31,NA,12.4551814450116
483,1998,1998-12-31,NA,11.6255512326495
483,1999,1999-12-31,NA,9.50005405282505
483,2000,2000-12-31,NA,10.5934907376693
483,2001,2001-12-31,NA,8.32772000841301
483,2002,2002-12-31,NA,8.64964436774335
483,2003,2003-12-31,4.90867430920987,14.5324182205375
483,2004,2004-12-31,33.6270093357697,38.706991607657
483,2005,2005-12-31,35.0058410772257,38.6208456950639
484,1995,1995-12-31,33.1918101078696,40.9212393055619
484,1996,1996-12-31,39.7919873964405,44.7537776258404
484,1997,1997-12-31,42.4289202007559,50.7582980467224
484,1998,1998-12-31,24.9422469912937,32.0502754008187
484,1999,1999-12-31,42.437676547715,47.2074473235008
484,2000,2000-12-31,58.9583490901631,62.6926315853975
484,2001,2001-12-31,44.8627062815105,49.61384356549
484,2002,2002-12-31,38.9846744404654,44.952392442312
484,2003,2003-12-31,33.9607627398043,40.4928382064348
484,2004,2004-12-31,41.2815206677069,44.6347279637903
484,2005,2005-12-31,52.5848713036042,55.9367546067526
490,1995,1995-12-31,0,37.1354016950749
490,1996,1996-12-31,0,37.4220879752911
490,1997,1997-12-31,0,33.0376161099706
490,1998,1998-12-31,0,32.4023271019634
490,1999,1999-12-31,0,28.8041507663055
490,2000,2000-12-31,0,7.6368601450783
490,2001,2001-12-31,0,18.5148786725783
490,2002,2002-12-31,0,18.8496779311587
490,2003,2003-12-31,0,29.7227622860024
490,2004,2004-12-31,0,25.3557714202227
490,2005,2005-12-31,0,24.2495109479914
500,1995,1995-12-31,0,19.5094607549738
500,1996,1996-12-31,0,18.5824681206875
500,1997,1997-12-31,0,16.8500438643321
500,1998,1998-12-31,0,16.7855691740603
500,1999,1999-12-31,0,12.4597926946281
500,2000,2000-12-31,0,12.0422547848134
500,2001,2001-12-31,0,12.4144955599303
500,2002,2002-12-31,0,14.1951696823908
500,2003,2003-12-31,0,21.7868858194475
500,2004,2004-12-31,0,15.244667062546
500,2005,2005-12-31,0,14.1507414223711
501,1995,1995-12-31,0,7.285677606269
501,1996,1996-12-31,0,5.48535739647742
501,1997,1997-12-31,0,4.72605918173921
501,1998,1998-12-31,0,4.52832385433678
501,1999,1999-12-31,0,3.2583630555636
501,2000,2000-12-31,0,3.29277816638785
501,2001,2001-12-31,0,3.10764420681292
501,2002,2002-12-31,0,3.7071345859066702
501,2003,2003-12-31,0,5.09371895911843
501,2004,2004-12-31,0,4.13095580256511
501,2005,2005-12-31,0,4.04157507297871
510,1995,1995-12-31,0,14.0434739302343
510,1996,1996-12-31,0,11.2870861261688
510,1997,1997-12-31,0,8.86665952600752
510,1998,1998-12-31,0,7.51208253731025
510,1999,1999-12-31,0,4.8769076131867
510,2000,2000-12-31,0,4.60960922043285
510,2001,2001-12-31,0,4.3941173726533
510,2002,2002-12-31,0,5.31619288778832
510,2003,2003-12-31,0,7.98024984590484
510,2004,2004-12-31,0,6.75951030639493
510,2005,2005-12-31,0,5.6745278925642
516,1995,1995-12-31,0,23.9677154546619
516,1996,1996-12-31,0,28.3752327074025
516,1997,1997-12-31,0,23.6215639521918
516,1998,1998-12-31,0,27.011355909773
516,1999,1999-12-31,0,15.4123921428722
516,2000,2000-12-31,0,15.0536919299084
516,2001,2001-12-31,0,18.6538547860425
516,2002,2002-12-31,0,24.1157291936978
516,2003,2003-12-31,0,40.5500710855693
516,2004,2004-12-31,0,30.5927318739814
516,2005,2005-12-31,0,26.476820020652
517,1995,1995-12-31,0,12.5811111630247
517,1996,1996-12-31,0,12.5557673052419
517,1997,1997-12-31,0,11.1275619479367
517,1998,1998-12-31,0,10.8699491393973
517,1999,1999-12-31,0,7.68370364783458
517,2000,2000-12-31,0,5.99426401367539
517,2001,2001-12-31,0,6.2817332603975
517,2002,2002-12-31,0,7.51274492224314
517,2003,2003-12-31,0,10.5134280335851
517,2004,2004-12-31,0,7.98641035776021
517,2005,2005-12-31,0,6.68690356404848
520,1995,1995-12-31,0,0
520,1996,1996-12-31,0,0
520,1997,1997-12-31,0,0
520,1998,1998-12-31,0,0
520,1999,1999-12-31,0,0
520,2000,2000-12-31,0,0
520,2001,2001-12-31,0,0
520,2002,2002-12-31,0,0
520,2003,2003-12-31,0,0
520,2004,2004-12-31,0,0
520,2005,2005-12-31,0,0
522,1995,1995-12-31,0,0.632478856352069
522,1996,1996-12-31,0,0.664007194116931
522,1997,1997-12-31,0,0.676909112821753
522,1998,1998-12-31,0,0.947348471649889
522,1999,1999-12-31,0,0.391087417723704
522,2000,2000-12-31,0,0.38207926813835
522,2001,2001-12-31,0,0.41597459091472
522,2002,2002-12-31,0,0.454277724250575
522,2003,2003-12-31,0,0.623059168153415
522,2004,2004-12-31,0,0.573154706390629
522,2005,2005-12-31,0,0.529249754655996
530,1995,1995-12-31,0,31.6313292854883
530,1996,1996-12-31,0,28.6052603098264
530,1997,1997-12-31,0,27.0072071207238
530,1998,1998-12-31,0,31.1540530200106
530,1999,1999-12-31,0,19.5218237868819
530,2000,2000-12-31,0,18.3531832326894
530,2001,2001-12-31,0,17.9912325873517
530,2002,2002-12-31,0,23.025902296612
530,2003,2003-12-31,0,36.1872717075598
530,2004,2004-12-31,0,27.8685350023036
530,2005,2005-12-31,0,23.2950892958795
531,1995,1995-12-31,0,8.87303898253703
531,1996,1996-12-31,0,7.69232079115521
531,1997,1997-12-31,0,7.61929561516562
531,1998,1998-12-31,0,7.53946773932985
531,1999,1999-12-31,0,4.83166739461974
531,2000,2000-12-31,0,4.84984435739182
531,2001,2001-12-31,0,4.48779970018862
531,2002,2002-12-31,0,3.09819639318529
531,2003,2003-12-31,0,4.52991739230493
531,2004,2004-12-31,0,3.26650357459574
531,2005,2005-12-31,0,3.25035171532613
540,1995,1995-12-31,47.6689087634221,51.0134007148089
540,1996,1996-12-31,45.4011938093393,47.5788439900073
540,1997,1997-12-31,40.7970414005594,42.7943849730325
540,1998,1998-12-31,23.3984724876732,25.8362912910016
540,1999,1999-12-31,47.4104229623197,49.5598590014791
540,2000,2000-12-31,60.4517382199557,61.9566979211907
540,2001,2001-12-31,44.0978371152307,45.5917376068122
540,2002,2002-12-31,37.0953027248157,38.3569939726715
540,2003,2003-12-31,35.1454758602665,36.6540435981515
540,2004,2004-12-31,44.3121441174808,45.1906800538674
540,2005,2005-12-31,59.2069500103683,59.9082215273012
541,1995,1995-12-31,0,22.4143048840365
541,1996,1996-12-31,0,15.8389491679901
541,1997,1997-12-31,0,12.3380488809747
541,1998,1998-12-31,0,11.0821482511552
541,1999,1999-12-31,0,6.68788421124009
541,2000,2000-12-31,0,7.00105193005445
541,2001,2001-12-31,0,7.09622240049575
541,2002,2002-12-31,0,8.04549936996646
541,2003,2003-12-31,0,11.3779443429776
541,2004,2004-12-31,0,8.3992913803156
541,2005,2005-12-31,0,8.1060659593843
551,1995,1995-12-31,0,15.6541729493074
551,1996,1996-12-31,0,11.2086617234308
551,1997,1997-12-31,0,9.6352136880315
551,1998,1998-12-31,0,7.24686292117596
551,1999,1999-12-31,0,5.090392435428
551,2000,2000-12-31,0,5.52598448691854
551,2001,2001-12-31,0,3.38164157864065
551,2002,2002-12-31,0,4.29153732535183
551,2003,2003-12-31,0,7.03796475153564
551,2004,2004-12-31,0,11.6247346262691
551,2005,2005-12-31,0,13.285528521274
552,1995,1995-12-31,0,7.99331145056273
552,1996,1996-12-31,0,7.41840780146957
552,1997,1997-12-31,0,6.46199654302266
552,1998,1998-12-31,0,4.85102583426142
552,1999,1999-12-31,0,3.20500570851565
552,2000,2000-12-31,0,3.61642949616249
552,2001,2001-12-31,0,3.77006347557997
552,2002,2002-12-31,0,4.34618911014237
552,2003,2003-12-31,0,7.09363657676067
552,2004,2004-12-31,0,9.00267704813964
552,2005,2005-12-31,0,9.3272063795639
553,1995,1995-12-31,0,18.2541448655965
553,1996,1996-12-31,0,10.6059917894489
553,1997,1997-12-31,0,8.27874811565884
553,1998,1998-12-31,0,12.8654708406481
553,1999,1999-12-31,0,9.89788719655633
553,2000,2000-12-31,0,10.0618234181444
553,2001,2001-12-31,0,9.80755984089009
553,2002,2002-12-31,0,5.73560425819428
553,2003,2003-12-31,0,8.61325776513235
553,2004,2004-12-31,0,6.35580514217638
553,2005,2005-12-31,0,6.65687047784829
560,1995,1995-12-31,0,4.03581849286151
560,1996,1996-12-31,0,3.99741047467683
560,1997,1997-12-31,0,3.14366083770947
560,1998,1998-12-31,0,2.84067531295254
560,1999,1999-12-31,0,2.15445138106044
560,2000,2000-12-31,0,2.88904590780656
560,2001,2001-12-31,0,4.44390636789427
560,2002,2002-12-31,0,4.07927681895365
560,2003,2003-12-31,0,3.62706837700478
560,2004,2004-12-31,0,5.42714858541883
560,2005,2005-12-31,0,4.78480106885016
565,1995,1995-12-31,0,1.47786295354518
565,1996,1996-12-31,0,1.06341060642022
565,1997,1997-12-31,0,1.16905223917793
565,1998,1998-12-31,0,0.637685898475921
565,1999,1999-12-31,0,0.373703565353476
565,2000,2000-12-31,0,0.548557392690191
565,2001,2001-12-31,0,0.525425494663448
565,2002,2002-12-31,0,0.774805822726503
565,2003,2003-12-31,0,0.928627011986532
565,2004,2004-12-31,0,0.933302796989492
565,2005,2005-12-31,0,1.26731714841772
570,1995,1995-12-31,0,4.06747682616234
570,1996,1996-12-31,0,4.42866980500927
570,1997,1997-12-31,0,4.03080582762483
570,1998,1998-12-31,0,4.62753148479219
570,1999,1999-12-31,0,3.3725324125457
570,2000,2000-12-31,0,3.45870926197852
570,2001,2001-12-31,0,3.61294717431425
570,2002,2002-12-31,0,4.64972989832799
570,2003,2003-12-31,0,5.468173667667
570,2004,2004-12-31,0,3.85504574852868
570,2005,2005-12-31,0,3.42595233100502
571,1995,1995-12-31,0,1.32514367784356
571,1996,1996-12-31,0,0.970095088468108
571,1997,1997-12-31,0,0.871312710353984
571,1998,1998-12-31,0,0.664578633171594
571,1999,1999-12-31,0,0.419015134125765
571,2000,2000-12-31,0,1.44464828248899
571,2001,2001-12-31,0,0.575085961036087
571,2002,2002-12-31,0,0.547710437782848
571,2003,2003-12-31,0,1.61968091118837
571,2004,2004-12-31,0,3.31537271459554
571,2005,2005-12-31,0,3.82296540786758
572,1995,1995-12-31,0,4.11409001615873
572,1996,1996-12-31,0,4.44357636152643
572,1997,1997-12-31,0,3.94983192894622
572,1998,1998-12-31,0,4.10729926913563
572,1999,1999-12-31,0,3.26309878018953
572,2000,2000-12-31,0,3.00213679192955
572,2001,2001-12-31,0,3.65205295099838
572,2002,2002-12-31,0,4.61549504619579
572,2003,2003-12-31,0,2.89076096954996
572,2004,2004-12-31,0,2.33354372616274
572,2005,2005-12-31,0,2.09537142089364
580,1995,1995-12-31,0,9.3788299734496
580,1996,1996-12-31,0,7.52896402539761
580,1997,1997-12-31,0,7.19356132085118
580,1998,1998-12-31,0,6.72780610666593
580,1999,1999-12-31,0,4.04006987129544
580,2000,2000-12-31,0,3.91935511610321
580,2001,2001-12-31,0,3.34585936451476
580,2002,2002-12-31,0,4.26543962911269
580,2003,2003-12-31,0,6.07522037959971
580,2004,2004-12-31,0,7.15148041445195
580,2005,2005-12-31,0,6.2912947710402
581,1995,1995-12-31,0,2.90378265349126
581,1996,1996-12-31,0,2.96469538460104
581,1997,1997-12-31,0,3.02530029324579
581,1998,1998-12-31,0,3.14712728171934
581,1999,1999-12-31,0,2.18312635824985
581,2000,2000-12-31,0,2.40935531033146
581,2001,2001-12-31,0,2.17878278280603
581,2002,2002-12-31,0,2.36279904081816
581,2003,2003-12-31,0,2.8526318886409
581,2004,2004-12-31,0,2.12345220364981
581,2005,2005-12-31,0,2.20219832382289
590,1995,1995-12-31,0,0.0125537998018571
590,1996,1996-12-31,0,0.0139351478637998
590,1997,1997-12-31,0,0.0134035763035903
590,1998,1998-12-31,0,0.0207941558234039
590,1999,1999-12-31,0,0.020444403425746
590,2000,2000-12-31,0,0.0119784465200021
590,2001,2001-12-31,0,0.0118813988137812
590,2002,2002-12-31,0,0.0114234427786927
590,2003,2003-12-31,0,0.0110932143927342
590,2004,2004-12-31,0,0.00703866254693808
590,2005,2005-12-31,0,0.00671393353892208
591,1995,1995-12-31,0,0.119075541250423
591,1996,1996-12-31,0,0.111417504053404
591,1997,1997-12-31,0,0.0886297433275837
591,1998,1998-12-31,0,0.0820366782304666
591,1999,1999-12-31,0,0.0743726167849591
591,2000,2000-12-31,0,0.10669197533674
591,2001,2001-12-31,0,0.0995963406686331
591,2002,2002-12-31,0,0.103564634896705
591,2003,2003-12-31,0,0.118654334106205
591,2004,2004-12-31,0,0.0658136759944535
591,2005,2005-12-31,0,0.0891506885227263
600,1995,1995-12-31,0,0.345305476275143
600,1996,1996-12-31,0,0.306217086440584
600,1997,1997-12-31,0,0.552510800721395
600,1998,1998-12-31,0,0.773274550419194
600,1999,1999-12-31,0,0.691621631276273
600,2000,2000-12-31,0,0.706497318441024
600,2001,2001-12-31,0,0.672113334507959
600,2002,2002-12-31,0,0.597998807059952
600,2003,2003-12-31,0,0.357988968236922
600,2004,2004-12-31,0,0.351955936836796
600,2005,2005-12-31,0,0.40276522284178
615,1995,1995-12-31,8.07382351751732,9.46431217506053
615,1996,1996-12-31,10.871454655026,12.3973702293409
615,1997,1997-12-31,9.35816081373091,11.2914859262027
615,1998,1998-12-31,4.97481181266183,6.56629691419195
615,1999,1999-12-31,7.54889612556663,9.01706882188993
615,2000,2000-12-31,12.896527794338,15.3072032933818
615,2001,2001-12-31,11.2056260459961,14.1219292406577
615,2002,2002-12-31,11.7884265307283,14.0694684478252
615,2003,2003-12-31,14.2006810857732,16.3043869156727
615,2004,2004-12-31,16.2445443593829,18.1961972360354
615,2005,2005-12-31,21.350867549181,24.3961578267403
616,1995,1995-12-31,0,2.30971022318146
616,1996,1996-12-31,0,2.69869941656589
616,1997,1997-12-31,0,2.14394124477176
616,1998,1998-12-31,0,1.32091735601727
616,1999,1999-12-31,0,1.90307729614204
616,2000,2000-12-31,0,3.29053281497673
616,2001,2001-12-31,0,2.49165301836989
616,2002,2002-12-31,0,2.47509606376221
616,2003,2003-12-31,0,2.28021959242518
616,2004,2004-12-31,0,2.7823173063499
616,2005,2005-12-31,0,4.12914548207898
620,1995,1995-12-31,23.470861662899,23.7252339718215
620,1996,1996-12-31,27.9453813480113,28.2230213239208
620,1997,1997-12-31,22.4458234790822,22.7426388458695
620,1998,1998-12-31,14.832262879033,15.0879782378816
620,1999,1999-12-31,16.939551604891,17.0898906829618
620,2000,2000-12-31,30.0680280299817,30.3141726650806
620,2001,2001-12-31,26.6345452240694,27.0093293838374
620,2002,2002-12-31,45.3823466786792,45.8610298367831
620,2003,2003-12-31,45.9596030771689,46.3299788543147
620,2004,2004-12-31,55.4423739743402,55.9129411985848
620,2005,2005-12-31,60.894788930861,61.682940453398
625,1995,1995-12-31,0,0.029226928752618
625,1996,1996-12-31,0.113494159177545,0.184380130468629
625,1997,1997-12-31,0.190162536049162,0.194895740080613
625,1998,1998-12-31,0.184386812842455,0.184386812842455
625,1999,1999-12-31,2.51855704700275,2.51855704700275
625,2000,2000-12-31,10.6686588923721,10.6686588923721
625,2001,2001-12-31,8.39292746320819,8.39292746320819
625,2002,2002-12-31,8.43015543777285,8.45479777258637
625,2003,2003-12-31,8.56184975325135,8.616678106708
625,2004,2004-12-31,12.3462817353132,12.4101689497929
625,2005,2005-12-31,15.4232912152842,15.4719472654496
630,1995,1995-12-31,17.4541876994344,17.9447877425822
630,1996,1996-12-31,17.9766322342013,18.4257343663128
630,1997,1997-12-31,16.6707951568455,17.2458645295464
630,1998,1998-12-31,9.77357323824612,10.2361727680994
630,1999,1999-12-31,15.5365770909869,16.0151905153246
630,2000,2000-12-31,30.2405383504551,31.1425995282622
630,2001,2001-12-31,20.0500446415471,21.1437031345185
630,2002,2002-12-31,19.9717039157451,20.9540233484309
630,2003,2003-12-31,21.8673426244217,22.7903136348174
630,2004,2004-12-31,24.7268276055521,25.891465659551
630,2005,2005-12-31,31.1393035633881,33.1243095866286
640,1995,1995-12-31,0,0.345428244953651
640,1996,1996-12-31,0,0.34544321526742
640,1997,1997-12-31,0,0.272666366556656
640,1998,1998-12-31,0,0.123231249358553
640,1999,1999-12-31,0,0.162993719514498
640,2000,2000-12-31,0,0.233196776942558
640,2001,2001-12-31,0,0.30457924346718
640,2002,2002-12-31,0,0.212601808798811
640,2003,2003-12-31,0,0.200897427956968
640,2004,2004-12-31,0,0.28649729658305
640,2005,2005-12-31,0,0.290733568268699
645,1995,1995-12-31,NA,NA
645,1996,1996-12-31,NA,NA
645,1997,1997-12-31,NA,NA
645,1998,1998-12-31,NA,NA
645,1999,1999-12-31,NA,NA
645,2000,2000-12-31,NA,NA
645,2001,2001-12-31,NA,NA
645,2002,2002-12-31,NA,NA
645,2003,2003-12-31,NA,NA
645,2004,2004-12-31,63.2505843281866,63.3065307023304
645,2005,2005-12-31,64.3070502476404,64.405031836454
651,1995,1995-12-31,6.48026966658137,7.00148944681001
651,1996,1996-12-31,7.23134750497845,7.74781642497293
651,1997,1997-12-31,5.35922223556065,5.84657900563152
651,1998,1998-12-31,2.74465759052057,3.2666678627153
651,1999,1999-12-31,4.25776045954548,4.58964604955339
651,2000,2000-12-31,5.89351077481128,6.29908003707852
651,2001,2001-12-31,4.70779996399025,5.34037522823552
651,2002,2002-12-31,5.35923418472799,6.00619896901065
651,2003,2003-12-31,6.97370193430111,7.8070967129208
651,2004,2004-12-31,9.20526881458493,10.2451561677463
651,2005,2005-12-31,11.7321743665156,13.9110352754213
652,1995,1995-12-31,22.9064692189422,23.1177354552074
652,1996,1996-12-31,23.464162456355,23.6861079558389
652,1997,1997-12-31,19.3942755904989,19.771444928727
652,1998,1998-12-31,10.4634177203217,10.7793134442699
652,1999,1999-12-31,17.0697266160174,17.3511086798303
652,2000,2000-12-31,24.0663695279098,24.4975316351936
652,2001,2001-12-31,18.8171973126741,19.3409623667148
652,2002,2002-12-31,20.4263969631462,20.8656699040583
652,2003,2003-12-31,23.2324340171604,23.7058776219025
652,2004,2004-12-31,20.0258683461609,20.4747091035883
652,2005,2005-12-31,24.3555149646988,25.0329802515165
660,1995,1995-12-31,0,0.0098985004637263
660,1996,1996-12-31,0,0.00887618405025011
660,1997,1997-12-31,0,0.00754430121709182
660,1998,1998-12-31,0,0.00913906725071248
660,1999,1999-12-31,0,0.00147158951804228
660,2000,2000-12-31,0,0.00160712397312548
660,2001,2001-12-31,0,0.00153542622165728
660,2002,2002-12-31,0,0.00137292195937757
660,2003,2003-12-31,0,0.00160303958188084
660,2004,2004-12-31,0,0.0014712827684413
660,2005,2005-12-31,0,0.00136979865847996
663,1995,1995-12-31,0,0.0669458247491636
663,1996,1996-12-31,0,0.0741241224510724
663,1997,1997-12-31,0,0.0742417341198987
663,1998,1998-12-31,0,0.0774403162284143
663,1999,1999-12-31,0,0.0501641148009693
663,2000,2000-12-31,0,0.0691561401643363
663,2001,2001-12-31,0,0.0785505084866858
663,2002,2002-12-31,0,0.0601654819063292
663,2003,2003-12-31,0,0.0714742132017928
663,2004,2004-12-31,0,0.0710108856696364
663,2005,2005-12-31,0,0.0833062331193171
666,1995,1995-12-31,0,0.00341930151270178
666,1996,1996-12-31,0,0.0033016417783418
666,1997,1997-12-31,0,0.00313108849866762
666,1998,1998-12-31,0,0.00243925527729198
666,1999,1999-12-31,0,0.00329615172348549
666,2000,2000-12-31,0,0.00185755552759181
666,2001,2001-12-31,0,8.85075333138122e-4
666,2002,2002-12-31,0,9.45780804127459e-4
666,2003,2003-12-31,0,8.71011688321254e-4
666,2004,2004-12-31,0,0.016109000067206
666,2005,2005-12-31,0,0.0370402083068378
670,1995,1995-12-31,24.6884419392024,24.9421334536957
670,1996,1996-12-31,30.5114022839804,30.7939294073441
670,1997,1997-12-31,26.0564313308557,26.3848910302829
670,1998,1998-12-31,17.1357537404785,17.3999486053992
670,1999,1999-12-31,23.99311432866,24.2082646646432
670,2000,2000-12-31,39.3400774626687,39.7229210341469
670,2001,2001-12-31,31.1882152551249,31.7372192713794
670,2002,2002-12-31,29.5940345495399,30.0334630429412
670,2003,2003-12-31,35.6917502754748,36.120409891972
670,2004,2004-12-31,41.2918089438098,41.7541944860051
670,2005,2005-12-31,51.0782619661917,51.7809185067718
678,1995,1995-12-31,34.5829172385239,34.6561699196401
678,1996,1996-12-31,33.4159983332954,33.4722590043194
678,1997,1997-12-31,26.165148964885,26.2146278495593
678,1998,1998-12-31,16.2823339520938,16.3598235726271
678,1999,1999-12-31,24.3147140857348,24.3429654086514
678,2000,2000-12-31,38.6913837855008,38.7138775597451
678,2001,2001-12-31,30.5457260035565,30.5710567238817
678,2002,2002-12-31,28.9404565790701,28.9672739373546
678,2003,2003-12-31,30.8396658813015,30.8754685234908
678,2004,2004-12-31,33.0170733562321,33.0475792507681
678,2005,2005-12-31,40.6703496329503,40.6956395696567
690,1995,1995-12-31,31.6252642243884,31.9102599724693
690,1996,1996-12-31,35.5982532818578,35.8930134837064
690,1997,1997-12-31,32.641210115903,32.999331126324
690,1998,1998-12-31,22.0580476966431,22.3558362595785
690,1999,1999-12-31,29.4349272673223,29.6492686883906
690,2000,2000-12-31,44.947193328648,45.3149034123956
690,2001,2001-12-31,38.3058010185708,38.8678268537728
690,2002,2002-12-31,32.3342943873395,32.6934514267266
690,2003,2003-12-31,37.1103694760748,37.4527177667559
690,2004,2004-12-31,43.7662917314223,44.1209543021605
690,2005,2005-12-31,54.2201806852204,54.7015844046599
692,1995,1995-12-31,0,3.8642576398694
692,1996,1996-12-31,0,4.68003984704024
692,1997,1997-12-31,0,4.43183235789733
692,1998,1998-12-31,0,2.76094556095846
692,1999,1999-12-31,0,3.2279131978413
692,2000,2000-12-31,0,4.38972135438835
692,2001,2001-12-31,0,4.27856385101542
692,2002,2002-12-31,0,3.81673965179666
692,2003,2003-12-31,0,4.10193165080572
692,2004,2004-12-31,0,4.15882506319011
692,2005,2005-12-31,0,5.68304424517688
694,1995,1995-12-31,19.9643326735064,21.3491557300483
694,1996,1996-12-31,23.5261064331177,25.0345320479029
694,1997,1997-12-31,23.4950507875695,25.300182361739
694,1998,1998-12-31,16.4744276481103,18.026777391505
694,1999,1999-12-31,22.6444853247588,23.9721193540697
694,2000,2000-12-31,30.3636878691947,32.387523445944
694,2001,2001-12-31,25.6033121961209,28.4768174225457
694,2002,2002-12-31,24.9747439966191,27.1786033075407
694,2003,2003-12-31,23.8158812705224,25.7981675332701
694,2004,2004-12-31,27.054103568705,29.2388707637759
694,2005,2005-12-31,29.2152530659314,32.4928627758083
696,1995,1995-12-31,13.644712393559,14.0425191555136
696,1996,1996-12-31,16.6633702730558,17.1217349572848
696,1997,1997-12-31,13.9083241740618,14.4482556266589
696,1998,1998-12-31,7.98281826164919,8.381272926753
696,1999,1999-12-31,10.7869608625775,11.1271404621535
696,2000,2000-12-31,18.0493335214596,18.5803794171433
696,2001,2001-12-31,13.3338108878072,14.1458117322871
696,2002,2002-12-31,12.1883996108738,12.7600524295976
696,2003,2003-12-31,15.1165093459702,15.6517603060927
696,2004,2004-12-31,17.9783387308115,18.5326968870164
696,2005,2005-12-31,21.1020746361244,21.9453457762762
698,1995,1995-12-31,26.6250497028404,26.9455997816394
698,1996,1996-12-31,32.4505395460801,32.8227665792392
698,1997,1997-12-31,28.1473622608987,28.6186483192372
698,1998,1998-12-31,17.8118072750088,18.1936903232305
698,1999,1999-12-31,27.2716141925183,27.5997708050899
698,2000,2000-12-31,41.8126430391417,42.6240420447927
698,2001,2001-12-31,33.7319585960589,35.3039419069215
698,2002,2002-12-31,31.4634586359113,32.7342954384404
698,2003,2003-12-31,31.9308915974232,33.2697533463238
698,2004,2004-12-31,35.7929187303915,37.2123953404593
698,2005,2005-12-31,42.4363075641153,44.7110915083924
700,1995,1995-12-31,0,NA
700,1996,1996-12-31,0,NA
700,1997,1997-12-31,0,NA
700,1998,1998-12-31,0,NA
700,1999,1999-12-31,0,NA
700,2000,2000-12-31,0,NA
700,2001,2001-12-31,0,2.19520856274634
700,2002,2002-12-31,0,1.47460425587265
700,2003,2003-12-31,0,1.066995655854
700,2004,2004-12-31,0,0.808005709195759
700,2005,2005-12-31,0,0.91650565360904
701,1995,1995-12-31,6.66447927653949,30.2636729631298
701,1996,1996-12-31,10.3384259490039,43.7816374346475
701,1997,1997-12-31,9.75413838388197,31.7874459767712
701,1998,1998-12-31,2.38613686958952,8.28955195488364
701,1999,1999-12-31,13.546085385446201,21.5867426291192
701,2000,2000-12-31,26.5916193658903,67.715607446177
701,2001,2001-12-31,17.703685727091,80.9205951217755
701,2002,2002-12-31,15.8392322501265,57.7114648479716
701,2003,2003-12-31,16.2454304430551,54.3557163429507
701,2004,2004-12-31,20.9345852809827,50.7327364122978
701,2005,2005-12-31,24.3024087018727,60.6744477036755
702,1995,1995-12-31,0,0.352198352997819
702,1996,1996-12-31,0,0.480122875655837
702,1997,1997-12-31,0,0.548912219188572
702,1998,1998-12-31,0,0.134719640840889
702,1999,1999-12-31,0,0.136895674418402
702,2000,2000-12-31,0,0.400252703133628
702,2001,2001-12-31,0,0.395842345662178
702,2002,2002-12-31,0,0.504951157741233
702,2003,2003-12-31,0,0.707221507484629
702,2004,2004-12-31,0,0.804017418410331
702,2005,2005-12-31,0,0.684769622942756
703,1995,1995-12-31,0,0.472693164336365
703,1996,1996-12-31,0,0.606666475229623
703,1997,1997-12-31,0,1.50970430523157
703,1998,1998-12-31,0,0.511861652532539
703,1999,1999-12-31,0,0.343992038356071
703,2000,2000-12-31,0,1.13553254620599
703,2001,2001-12-31,0,1.06689766183858
703,2002,2002-12-31,0,2.14786319102822
703,2003,2003-12-31,0,3.81526536636743
703,2004,2004-12-31,0,4.4982198426203
703,2005,2005-12-31,0,4.21529838807278
704,1995,1995-12-31,0,7.08278030837185
704,1996,1996-12-31,0,9.48306708827977
704,1997,1997-12-31,0,8.47386380126619
704,1998,1998-12-31,0,3.87637673470528
704,1999,1999-12-31,0,3.36035183835236
704,2000,2000-12-31,0,11.9698260843443
704,2001,2001-12-31,0,20.2800248759713
704,2002,2002-12-31,0,17.1365736698341
704,2003,2003-12-31,0,19.6409986268507
704,2004,2004-12-31,0,17.5282953596722
704,2005,2005-12-31,0,18.8351548481871
705,1995,1995-12-31,4.23564753032626,7.5231458405413
705,1996,1996-12-31,6.89053505582583,9.52535433510546
705,1997,1997-12-31,5.74035720505616,8.68901924918354
705,1998,1998-12-31,1.27656393774483,2.77549555524584
705,1999,1999-12-31,8.39411205550544,9.77671730827993
705,2000,2000-12-31,20.7183586639829,24.5514493742524
705,2001,2001-12-31,14.3797404965598,19.538004821505
705,2002,2002-12-31,15.6747279483694,19.576867250513
705,2003,2003-12-31,16.3717187595899,20.3637720231659
705,2004,2004-12-31,18.1079276181121,24.5125329379716
705,2005,2005-12-31,20.9625425604401,27.6800263165464
710,1995,1995-12-31,0,2.80803641053155
710,1996,1996-12-31,0,2.69415331995352
710,1997,1997-12-31,0,2.13647710409177
710,1998,1998-12-31,0,1.3096105362294
710,1999,1999-12-31,0,1.42859367434137
710,2000,2000-12-31,0,2.46572935103718
710,2001,2001-12-31,0,2.45274613288917
710,2002,2002-12-31,0,1.79184610802629
710,2003,2003-12-31,0,1.97679056964682
710,2004,2004-12-31,0,4.64277906464009
710,2005,2005-12-31,0,5.08599898357078
712,1995,1995-12-31,0,14.9340791543738
712,1996,1996-12-31,0,10.8815573194237
712,1997,1997-12-31,0,11.8795568726628
712,1998,1998-12-31,0,5.84728283826343
712,1999,1999-12-31,0,4.57724475813813
712,2000,2000-12-31,0,7.94131946785031
712,2001,2001-12-31,0,7.45313946910093
712,2002,2002-12-31,0,6.62851417557066
712,2003,2003-12-31,0,8.33171265187504
712,2004,2004-12-31,0,19.0924773465237
712,2005,2005-12-31,0,21.5691785173889
713,1995,1995-12-31,0,0
713,1996,1996-12-31,0,0
713,1997,1997-12-31,0,0
713,1998,1998-12-31,0,0
713,1999,1999-12-31,0,0
713,2000,2000-12-31,0,0
713,2001,2001-12-31,0,0
713,2002,2002-12-31,0,0
713,2003,2003-12-31,0,0
713,2004,2004-12-31,0,0
713,2005,2005-12-31,0,0
731,1995,1995-12-31,0,0
731,1996,1996-12-31,0,0
731,1997,1997-12-31,0,0
731,1998,1998-12-31,0,0
731,1999,1999-12-31,0,0
731,2000,2000-12-31,0,0
731,2001,2001-12-31,0,0
731,2002,2002-12-31,0,0
731,2003,2003-12-31,0,0
731,2004,2004-12-31,0,0
731,2005,2005-12-31,0,0
732,1995,1995-12-31,0,0.0205631580184843
732,1996,1996-12-31,0,0.0183734339561907
732,1997,1997-12-31,0,0.0135436850850846
732,1998,1998-12-31,0,0.0201021558983977
732,1999,1999-12-31,0,0.0122984137437366
732,2000,2000-12-31,0,0.0112034617497198
732,2001,2001-12-31,0,0.0190529913758993
732,2002,2002-12-31,0,0.0144804266807392
732,2003,2003-12-31,0,0.0211577417638723
732,2004,2004-12-31,0,0.0202329620671651
732,2005,2005-12-31,0,0.0191769007751518
740,1995,1995-12-31,0,0.0147600315684967
740,1996,1996-12-31,0,0.0165670335013861
740,1997,1997-12-31,0,0.0145137563988726
740,1998,1998-12-31,0,0.0120216990695759
740,1999,1999-12-31,0,0.00941038611862058
740,2000,2000-12-31,0,0.0101269216886882
740,2001,2001-12-31,0,0.00948121035789643
740,2002,2002-12-31,0,0.00967702863685617
740,2003,2003-12-31,0,0.0105444635215446
740,2004,2004-12-31,0,0.00903366531319278
740,2005,2005-12-31,0,0.0120808486697416
750,1995,1995-12-31,0,2.47015485394863
750,1996,1996-12-31,0,2.4027264599367
750,1997,1997-12-31,0,2.16108155322431
750,1998,1998-12-31,0,1.71403988404849
750,1999,1999-12-31,0,1.72018835747422
750,2000,2000-12-31,0,2.47655205839145
750,2001,2001-12-31,0,2.54677930447892
750,2002,2002-12-31,0,2.31197846619878
750,2003,2003-12-31,0,2.3058268183592
750,2004,2004-12-31,0,3.23972179664032
750,2005,2005-12-31,0,3.70970089736896
760,1995,1995-12-31,0,5.86193732554121
760,1996,1996-12-31,0,5.58548174773463
760,1997,1997-12-31,0,4.11442800370246
760,1998,1998-12-31,0,4.03261806270155
760,1999,1999-12-31,0,4.07751083569434
760,2000,2000-12-31,0,3.85630815052398
760,2001,2001-12-31,0,3.74706700078095
760,2002,2002-12-31,0,3.46727801856225
760,2003,2003-12-31,0,3.24826732532438
760,2004,2004-12-31,0,2.88296326459454
760,2005,2005-12-31,0,2.58307765854703
770,1995,1995-12-31,0,0.890227328819563
770,1996,1996-12-31,0,1.13550784770857
770,1997,1997-12-31,0,1.07457935896772
770,1998,1998-12-31,0,0.634779942664889
770,1999,1999-12-31,0,0.845257965252041
770,2000,2000-12-31,0,1.62107752410985
770,2001,2001-12-31,0,1.68215648865211
770,2002,2002-12-31,0,1.59185403639204
770,2003,2003-12-31,0,1.58014444493725
770,2004,2004-12-31,0,1.8713620542625
770,2005,2005-12-31,0,2.68057078327293
771,1995,1995-12-31,0,0.457556316492443
771,1996,1996-12-31,0,0.445399914619847
771,1997,1997-12-31,0,0.394159944543725
771,1998,1998-12-31,0,0.262269054353508
771,1999,1999-12-31,0,0.279905796874774
771,2000,2000-12-31,0,0.613407367427596
771,2001,2001-12-31,0,0.676894026054263
771,2002,2002-12-31,0,0.599377834929077
771,2003,2003-12-31,0,0.618256083275454
771,2004,2004-12-31,0,0.706924506935326
771,2005,2005-12-31,0,1.13771035040138
775,1995,1995-12-31,0,NA
775,1996,1996-12-31,0,NA
775,1997,1997-12-31,0,NA
775,1998,1998-12-31,0,NA
775,1999,1999-12-31,0,NA
775,2000,2000-12-31,0,6.08035046844022
775,2001,2001-12-31,0,10.1947621110723
775,2002,2002-12-31,0,10.9394814333796
775,2003,2003-12-31,0,10.4165184380079
775,2004,2004-12-31,0,11.0996064293189
775,2005,2005-12-31,0,10.1662137709937
780,1995,1995-12-31,0,0.387053556443627
780,1996,1996-12-31,0,0.353077482883088
780,1997,1997-12-31,0,0.211594304585684
780,1998,1998-12-31,0,0.188090082263488
780,1999,1999-12-31,0,0.21415211907772
780,2000,2000-12-31,0,0.189001607300455
780,2001,2001-12-31,0,0.194974578668951
780,2002,2002-12-31,0,0.203372947044909
780,2003,2003-12-31,0,0.194684852552972
780,2004,2004-12-31,0,0.146750725573285
780,2005,2005-12-31,0,0.121553975834179
781,1995,1995-12-31,0,0.0122856047633213
781,1996,1996-12-31,0,0.0111959054925396
781,1997,1997-12-31,0,0.00853294180703802
781,1998,1998-12-31,0,0.00807364291619459
781,1999,1999-12-31,0,0.00752318143620508
781,2000,2000-12-31,0,0.00742343669220617
781,2001,2001-12-31,0,0.00533070815521398
781,2002,2002-12-31,0,0.0052634799162276
781,2003,2003-12-31,0,0.00520158465580723
781,2004,2004-12-31,0,0.00478043976920197
781,2005,2005-12-31,0,0.00500261276869029
790,1995,1995-12-31,0,1.38881148757333
790,1996,1996-12-31,0,1.32624921859824
790,1997,1997-12-31,0,1.09066742362262
790,1998,1998-12-31,0,1.27168009635329
790,1999,1999-12-31,0,1.39481846914349
790,2000,2000-12-31,0,1.1669540697172
790,2001,2001-12-31,0,1.06075955638233
790,2002,2002-12-31,0,1.1418373779936
790,2003,2003-12-31,0,1.21022621054858
790,2004,2004-12-31,0,0.901600238101101
790,2005,2005-12-31,0,0.792730892441889
800,1995,1995-12-31,0,0.562987008642097
800,1996,1996-12-31,0,0.579251439376801
800,1997,1997-12-31,0,0.657451755552725
800,1998,1998-12-31,0,0.589103976126531
800,1999,1999-12-31,0,0.528192953812698
800,2000,2000-12-31,0,1.22125840054531
800,2001,2001-12-31,0,1.21840942734295
800,2002,2002-12-31,0,1.16707114981446
800,2003,2003-12-31,0,1.61895485616689
800,2004,2004-12-31,0,1.66499331928372
800,2005,2005-12-31,0,2.17152757833057
811,1995,1995-12-31,0,8.32675194732508
811,1996,1996-12-31,0,8.2661820756448
811,1997,1997-12-31,0,7.12815374914453
811,1998,1998-12-31,0,6.55608221419528
811,1999,1999-12-31,0,3.39355720869238
811,2000,2000-12-31,0,2.46904397186019
811,2001,2001-12-31,0,2.53357838954563
811,2002,2002-12-31,0,2.59500979202355
811,2003,2003-12-31,0,3.41050263970588
811,2004,2004-12-31,0,3.20397565535438
811,2005,2005-12-31,0,1.71983495905215
812,1995,1995-12-31,0,9.05367033738571
812,1996,1996-12-31,0,8.52450620790251
812,1997,1997-12-31,0,7.64003130851001
812,1998,1998-12-31,0,8.57760946746223
812,1999,1999-12-31,0,5.12720945478212
812,2000,2000-12-31,0,4.02806474169514
812,2001,2001-12-31,0,4.60908697850641
812,2002,2002-12-31,0,4.81100391560105
812,2003,2003-12-31,0,6.4711070200921
812,2004,2004-12-31,0,6.38338232699243
812,2005,2005-12-31,0,7.18547138779334
816,1995,1995-12-31,2.93540027822916,6.89814030695136
816,1996,1996-12-31,3.51220309682672,6.90908560312529
816,1997,1997-12-31,3.25033794502642,5.86240566242135
816,1998,1998-12-31,2.01797540757542,4.2036862961729
816,1999,1999-12-31,3.96555542330532,5.2153959916859
816,2000,2000-12-31,7.18720065390057,8.39520407372432
816,2001,2001-12-31,5.02627016792852,6.54681763212275
816,2002,2002-12-31,4.79970104184472,6.13599846365614
816,2003,2003-12-31,4.97468626024633,6.52022358783961
816,2004,2004-12-31,7.13323635360111,9.77745982333993
816,2005,2005-12-31,8.84548783187325,10.947670046183
820,1995,1995-12-31,3.16529820663861,12.8375157572645
820,1996,1996-12-31,3.50721809654634,11.2153054198408
820,1997,1997-12-31,3.09639747809473,9.33988690457311
820,1998,1998-12-31,2.19091342904297,8.2640743212627
820,1999,1999-12-31,3.11929707927237,8.08648309464308
820,2000,2000-12-31,4.91468852629961,9.79614508274178
820,2001,2001-12-31,3.7756440490985,8.28884794734113
820,2002,2002-12-31,3.81280299985373,7.95984740984622
820,2003,2003-12-31,4.32705404656763,9.94992227936755
820,2004,2004-12-31,5.3933178976717,9.16481468231176
820,2005,2005-12-31,6.89502562624744,11.2815418148845
830,1995,1995-12-31,0,9.49133832507345e-4
830,1996,1996-12-31,0,8.30887664745244e-4
830,1997,1997-12-31,0,7.26968711445336e-4
830,1998,1998-12-31,0,7.10118329629385e-4
830,1999,1999-12-31,0,3.71771425926216e-4
830,2000,2000-12-31,0,3.26852725562804e-4
830,2001,2001-12-31,0,4.04671834128472e-4
830,2002,2002-12-31,0,4.36804120266552e-4
830,2003,2003-12-31,0,5.97659431066247e-4
830,2004,2004-12-31,0,5.59764056049346e-4
830,2005,2005-12-31,0,3.12088871159306e-4
835,1995,1995-12-31,13.5871372956221,15.7966329484333
835,1996,1996-12-31,14.6375940660041,16.5305754587916
835,1997,1997-12-31,12.3577812766647,14.1376783598838
835,1998,1998-12-31,8.04708194702737,8.42225906592195
835,1999,1999-12-31,14.0645922346183,14.688891645687
835,2000,2000-12-31,23.5920754851227,25.982407228344
835,2001,2001-12-31,18.2185956475545,20.9549562253641
835,2002,2002-12-31,18.7367171738508,21.3504610084771
835,2003,2003-12-31,19.8829614016118,22.7642640151176
835,2004,2004-12-31,21.7724328368002,24.7067379220559
835,2005,2005-12-31,29.3702087362462,32.2282237640703
840,1995,1995-12-31,0,1.13645321145796
840,1996,1996-12-31,0,0.883438067050846
840,1997,1997-12-31,0,0.718009960322456
840,1998,1998-12-31,0,0.633326854030762
840,1999,1999-12-31,0,0.412801749965342
840,2000,2000-12-31,0,0.51803253429323
840,2001,2001-12-31,0,0.516093726829546
840,2002,2002-12-31,0,0.714475331643439
840,2003,2003-12-31,0,0.959106184320149
840,2004,2004-12-31,0,1.03055127813599
840,2005,2005-12-31,0,1.14427824356646
850,1995,1995-12-31,3.15631392961052,5.47916941167584
850,1996,1996-12-31,3.45100891466207,5.49564226296575
850,1997,1997-12-31,3.16807768985237,5.03986047037985
850,1998,1998-12-31,3.57979604160158,7.2834276129981
850,1999,1999-12-31,4.00195173269416,6.2021885890244
850,2000,2000-12-31,6.3861506698872,9.25104554472587
850,2001,2001-12-31,4.42745169151477,7.64992922875961
850,2002,2002-12-31,3.49883276545238,6.20503990815096
850,2003,2003-12-31,3.12726843016116,5.95577271839615
850,2004,2004-12-31,3.69520109889607,7.86798500100721
850,2005,2005-12-31,5.05614607679702,9.32856566944462
860,2002,2002-12-31,0,0.407891459496409
860,2003,2003-12-31,0,0.563093765617089
860,2004,2004-12-31,0,NA
860,2005,2005-12-31,0,NA
900,1995,1995-12-31,0,1.86234829979948
900,1996,1996-12-31,0,1.84268417039266
900,1997,1997-12-31,0,1.60917214666221
900,1998,1998-12-31,0,1.71052827072689
900,1999,1999-12-31,0,1.63072986210111
900,2000,2000-12-31,0,2.64272751004872
900,2001,2001-12-31,0,3.09969102344438
900,2002,2002-12-31,0,2.90163677471424
900,2003,2003-12-31,0,2.84092938209236
900,2004,2004-12-31,0,3.75707116434236
900,2005,2005-12-31,0,5.21246020300474
910,1995,1995-12-31,8.57900129965172,32.5342791628854
910,1996,1996-12-31,9.85424433252832,27.8281648752419
910,1997,1997-12-31,7.00666497873201,19.622324069749
910,1998,1998-12-31,4.57879777464852,20.1815930992022
910,1999,1999-12-31,10.4265121941297,26.6808504678112
910,2000,2000-12-31,14.8098247089813,32.7962878611923
910,2001,2001-12-31,11.6990142976243,30.7408461844294
910,2002,2002-12-31,10.0593886168166,32.7853356026128
910,2003,2003-12-31,9.05071290771452,32.8791181031471
910,2004,2004-12-31,10.3259950259946,37.9225208514484
910,2005,2005-12-31,11.1936755148867,38.4389454683454
920,1995,1995-12-31,0,1.3246563293709
920,1996,1996-12-31,0,1.30798897507775
920,1997,1997-12-31,0,1.31445517748597
920,1998,1998-12-31,0,1.09294292656751
920,1999,1999-12-31,0,1.13700940928698
920,2000,2000-12-31,0,1.73820400311559
920,2001,2001-12-31,0,1.54484900703131
920,2002,2002-12-31,0,1.34917252007095
920,2003,2003-12-31,0,0.996609877356065
920,2004,2004-12-31,0,0.883540786680309
920,2005,2005-12-31,0,1.06562213217016
935,1995,1995-12-31,0,1.00074875351713
935,1996,1996-12-31,0,0.968433822844334
935,1997,1997-12-31,0,0.7363923906306
935,1998,1998-12-31,0,0.647669353927391
935,1999,1999-12-31,0,0.830116669037383
935,2000,2000-12-31,0,0.802617573336568
935,2001,2001-12-31,0,0.755674112475785
935,2002,2002-12-31,0,0.796909305090617
935,2003,2003-12-31,0,0.91243627483185
935,2004,2004-12-31,0,0.674618262592557
935,2005,2005-12-31,0,0.554777763351741
940,1995,1995-12-31,0,7.65984447192663
940,1996,1996-12-31,0,8.28528350211971
940,1997,1997-12-31,0,5.10275951326245
940,1998,1998-12-31,0,5.73146542472407
940,1999,1999-12-31,0,5.05930749508362
940,2000,2000-12-31,0,4.91143246853758
940,2001,2001-12-31,0,5.60813690371207
940,2002,2002-12-31,0,7.12810376012906
940,2003,2003-12-31,0,12.0352966566075
940,2004,2004-12-31,0,9.25066698021885
940,2005,2005-12-31,0,11.9689639120145
950,1995,1995-12-31,0,1.76114143266301
950,1996,1996-12-31,0,1.94970027085486
950,1997,1997-12-31,0,1.54467702102978
950,1998,1998-12-31,0,1.45014909843101
950,1999,1999-12-31,0,0.976151319810003
950,2000,2000-12-31,0,1.1515454227053
950,2001,2001-12-31,0,1.183596087019
950,2002,2002-12-31,0,1.22388899235496
950,2003,2003-12-31,0,1.28508463033769
950,2004,2004-12-31,0,1.1938343676275
950,2005,2005-12-31,0,1.21009873005504
970,1995,1995-12-31,0,0
970,1996,1996-12-31,0,0
970,1997,1997-12-31,0,0
970,1998,1998-12-31,0,0
970,1999,1999-12-31,0,0
970,2000,2000-12-31,0,0
970,2001,2001-12-31,0,0
970,2002,2002-12-31,0,0
970,2003,2003-12-31,0,0
970,2004,2004-12-31,0,0
970,2005,2005-12-31,0,0
971,1995,1995-12-31,0,0
971,1996,1996-12-31,0,0
971,1997,1997-12-31,0,0
971,1998,1998-12-31,0,0
971,1999,1999-12-31,0,0
971,2000,2000-12-31,0,0
971,2001,2001-12-31,0,0
971,2002,2002-12-31,0,0
971,2003,2003-12-31,0,0
971,2004,2004-12-31,0,0
971,2005,2005-12-31,0,0
972,1995,1995-12-31,0,0
972,1996,1996-12-31,0,0
972,1997,1997-12-31,0,0
972,1998,1998-12-31,0,0
972,1999,1999-12-31,0,0
972,2000,2000-12-31,0,0
972,2001,2001-12-31,0,0
972,2002,2002-12-31,0,0
972,2003,2003-12-31,0,0
972,2004,2004-12-31,0,0
972,2005,2005-12-31,0,0
973,1995,1995-12-31,0,0
973,1996,1996-12-31,0,0
973,1997,1997-12-31,0,0
973,1998,1998-12-31,0,0
973,1999,1999-12-31,0,0
973,2000,2000-12-31,0,0
973,2001,2001-12-31,0,0
973,2002,2002-12-31,0,0
973,2003,2003-12-31,0,0
973,2004,2004-12-31,0,0
973,2005,2005-12-31,0,0
983,1995,1995-12-31,0,0
983,1996,1996-12-31,0,0
983,1997,1997-12-31,0,0
983,1998,1998-12-31,0,0
983,1999,1999-12-31,0,0
983,2000,2000-12-31,0,0
983,2001,2001-12-31,0,0
983,2002,2002-12-31,0,0
983,2003,2003-12-31,0,0
983,2004,2004-12-31,0,0
983,2005,2005-12-31,0,0
986,1995,1995-12-31,0,0
986,1996,1996-12-31,0,0
986,1997,1997-12-31,0,0
986,1998,1998-12-31,0,0
986,1999,1999-12-31,0,0
986,2000,2000-12-31,0,0
986,2001,2001-12-31,0,0
986,2002,2002-12-31,0,0
986,2003,2003-12-31,0,0
986,2004,2004-12-31,0,0
986,2005,2005-12-31,0,0
987,1995,1995-12-31,0,0.0158680091174009
987,1996,1996-12-31,0,0.0171193860205205
987,1997,1997-12-31,0,0.0168242940324561
987,1998,1998-12-31,0,0.0129437956870271
987,1999,1999-12-31,0,0.00705565558196253
987,2000,2000-12-31,0,0.00746556198768426
987,2001,2001-12-31,0,0.00860390312233918
987,2002,2002-12-31,0,0.00977234036480971
987,2003,2003-12-31,0,0.0142991575149049
987,2004,2004-12-31,0,0.0165666293153546
987,2005,2005-12-31,0,0.010153971520752
990,1995,1995-12-31,0,2.02450058761783
990,1996,1996-12-31,0,1.85156487028709
990,1997,1997-12-31,0,1.29510210207676
990,1998,1998-12-31,0,1.29191261556939
990,1999,1999-12-31,0,1.06686355729987
990,2000,2000-12-31,0,0.453318230982667
990,2001,2001-12-31,0,0.537309789626755
990,2002,2002-12-31,0,0.554184165661913
990,2003,2003-12-31,0,0.549251176746729
990,2004,2004-12-31,0,0.391074926374017
990,2005,2005-12-31,0,0.309647100628863
